dc70cf34-7d80-450f-979e-66df227a416d;1;Великобритания;Metrocab;Metrocab II (TTT);1971;B;Лазурный;АИ-95;МКПП;False
aab3c0e1-b421-4a43-b68c-8f20dfd44166;4;Германия;Porsche;911 S/T;2017;S;Темно-оранжевый;АИ-92;РКПП;True
f2fca3b4-b9bf-4dd9-9d35-949e94f8a94c;2;Китай;Everus;VE-1;1998;j;Шоколадный;АИ-95;МКПП;True
ee704b6e-8c6c-4708-a5bc-eacde19cdc6a;4;Польша;FSO;126p;1974;C;Коралловый;АИ-92;АКПП;True
3b4f68b5-2dc3-47f1-886b-8df1f6d5a7ad;5;Япония;Datsun;Cherry;2003;E;Фиолетовый;АИ-95;БКПП;True
04d4e41f-8a58-4a03-acf7-32dd49604e8a;6;США;Excalibur;Series IV;1993;D;Аквамарин;АИ-92;МКПП;True
2194f2df-932d-4250-a87c-ed946188691e;5;Германия;Alpina;B10;1974;S;Шоколадный;АИ-95;РКПП;False
659db98c-a095-40a6-87ab-ff16ca74ec8c;5;Китай;Bio auto;evA-4;1970;F;Зеленый;АИ-95;БКПП;True
563d6878-5242-46db-a20b-01f2ac194861;0;Россия;DW Hower;H3;2017;C;Темно-голубой;АИ-95;АКПП;False
3273fda1-5c97-46ca-8527-8b533b8201ef;0;Россия;Москвич;2138;1984;E;Цвет морской волны;АИ-92;АКПП;True
35057b27-021b-4073-9c6d-522c978e7c61;2;Великобритания;Eagle Cars;SS;1991;A;Сливовый;АИ-92;АКПП;True
7966b896-d1c2-4a00-9802-7efed0c872ce;0;Китай;Ciimo (DongFeng-Honda);M-NV;2005;B;Светло-желтый;АИ-92;АКПП;True
f1c2790d-0c23-4bcc-aaa8-623a08e8cd69;6;Германия;Volkswagen;Golf GTI;1987;A;Слоновая кость;АИ-92;БКПП;False
2ba78c98-2a2e-45f3-8cb2-7fb2dc51a61c;3;Россия;Marussia;B1;1974;M;Красный;D;АКПП;False
e843e6de-0a65-4597-8e0f-8d096e7a21ae;0;Китай;Gonow;Troy;1973;S;Аквамарин;АИ-92;МКПП;True
c8f8bd4c-bf1f-4fd5-ba64-4aceec6e2d70;6;Китай;ZX;Grand Tiger;2013;B;Темно-бирюзовый;D;АКПП;True
0decc771-dcc8-44b2-8a84-0961dca5d4ab;3;Япония;Mitsuoka;Le-Seyde;1978;M;Сине-фиолетовый;АИ-95;АКПП;True
4b3ca5d9-0e6a-4b4c-8028-69e27a013e59;6;Китай;Hycan;A06;2002;M;Античный Белый;D;РКПП;False
475727ae-fc59-4ffb-a003-120942ddf26b;3;США;RAM;ProMaster City;1980;B;Темно-зеленый;АИ-92;АКПП;True
ff61bdb8-26be-48ed-b05c-e921745ec2c5;2;США;Tesla;Roadster;1999;M;Пурпурный;D;МКПП;True
2868bf58-b8ed-4131-8bf2-79184ded3537;1;Германия;Trabant;1.1;1994;D;Коралловый;АИ-95;АКПП;False
b8999074-7934-4765-acba-59fe6ec18e55;1;Китай;Maxus;D90;2022;M;Светло-зеленый;АИ-95;БКПП;True
6b1cda0c-26eb-4bf5-9da6-3911ae4c2c81;2;США;RAM;1500;1993;C;Оранжевый;D;РКПП;True
cc4588d4-fb71-4450-b128-34c85d6e969e;1;Китай;Jetta;VS7;2014;B;Фуксия;D;АКПП;True
327ef1bc-3f77-4f5a-af7e-9f30520d0e85;4;Китай;Jetta;VA3;1994;F;Слоновая кость;АИ-92;РКПП;False
4e01933a-ab09-4e2f-8ba2-fbfc1bbacbed;5;Япония;Mazda;Protege;2000;M;Розовато-лавандовый;D;МКПП;False
65d4fefc-1569-48e3-a28f-d2fef1387a18;3;Тайвань;Yulon;Feeling;2009;S;Бирюзовый;АИ-95;РКПП;False
edd17023-029d-4e59-9544-9c57c0882a95;2;Швеция;Polestar;4;1984;E;Оранжевый;АИ-92;АКПП;False
ea2a5311-fd4d-419a-a6a0-7e97381ad454;0;Индия;Maruti;1000;2007;F;Серебряный;АИ-92;РКПП;True
6c03237c-5969-4ad5-96c7-6d88e66b685c;2;Италия;Pagani;Zonda;1977;S;Белый;АИ-95;РКПП;True
4ac19d0e-f9a5-421d-97af-fa7bd7247cd2;4;Испания;SEAT;Toledo;2019;M;Темно-синий;АИ-95;МКПП;True
9335a0ae-8f03-40d3-859a-ece28e4c8979;6;Южная Корея;Hyundai;Bayon;1990;F;Коралловый;АИ-95;БКПП;False
4e455ee9-0ca4-49f9-a4b2-875a5a440b8a;6;Италия;Maserati;Karif;2006;C;Светло-синий;D;БКПП;True
20253140-9292-4423-9cdb-ee3c18607a13;2;Франция;Mega;Track;1981;j;Античный Белый;АИ-92;АКПП;False
cea943c0-889b-44eb-b1e6-ee1adb689f08;4;Россия;DW Hower;H5;2023;F;Слоновая кость;АИ-92;БКПП;False
cf009f5d-6ea9-4314-8c50-11275f41e343;2;Италия;Lancia;Beta;1974;D;Светло-синий;АИ-95;МКПП;True
342666cb-d93c-46ee-b8a8-196c890e1868;6;Китай;Aito;M7;1977;M;Красный;АИ-95;БКПП;True
65e2c073-5217-42c3-ae8d-aa455af98f81;4;Польша;FSO;132p;1978;C;Темно-красный;АИ-92;АКПП;False
c3ee33ce-9abe-4255-9bca-af936539783b;3;США;Sears;Model J;2011;E;Светло-розовый;D;МКПП;False
e1aa449d-e55b-4f43-9c4d-3fd82f36662a;6;Италия;Lancia;Musa;1971;C;Светло-зеленый;АИ-95;АКПП;True
8198e616-b1ef-4066-a3c0-1df75ae8c7c3;5;Великобритания;Morris;Eight;2007;F;Фуксия;D;БКПП;True
9603a1db-2925-45de-af5c-2b0dbfa74b78;5;Япония;Honda;Fit;1994;F;Коричневый;АИ-95;БКПП;True
97d98bfa-d69a-4fcc-9f13-991f50c2b8c5;0;США;Cadillac;XT4;2007;M;Темно-серый;D;БКПП;True
21b4fbe6-2d9b-489d-b13a-c7a4853a552b;5;Россия;СМЗ;С-3Д;2011;D;Черный;D;АКПП;True
b0e1e4ca-3aff-400a-a2a5-68dc9bdbd180;6;Китай;WEY;Coffee 01;1976;D;Светло-зеленый;АИ-95;МКПП;False
0161fc2c-f71b-4e27-8128-b6cd3ccf76ce;6;Италия;Osca;2500 GT;1997;C;Пурпурный;АИ-95;БКПП;False
e72fbfb3-54c8-4e3e-844f-a6d53275a2bb;2;Индия;TATA;Indigo;1984;E;Цвет морской волны;D;МКПП;False
8b87f62e-1e1e-4a9e-8688-ce810105a6a9;4;Китай;JAC;S5 (Eagle);1982;M;Оранжево-красный;АИ-95;БКПП;False
203c2b30-ec3c-492d-b236-bf7428131a9d;2;Россия;АТОМ;01;1991;D;Бирюзовый;D;БКПП;False
4b33bed7-20a4-42ce-9bbc-0474a382e0b8;0;Германия;Smart;Forfour;2018;A;Темный хаки;АИ-92;БКПП;False
fd1d06f5-574c-408b-a42b-7e7f4fafc858;1;Великобритания;Vauxhall;Corsa;2018;F;Слоновая кость;АИ-92;МКПП;False
1113574e-42b3-4147-87ef-2c7a6d5b9ca7;1;Великобритания;Carbodies;FX4;1970;j;Каштановый;D;МКПП;True
24d91b0c-4e28-4613-a7e9-ed7d2a6d2089;6;Россия;Evolute;i-PRO;2020;E;Светло-желтый;АИ-95;АКПП;False
315889a7-cd4f-4735-879f-e36d7cb92564;1;Италия;Piaggio;Porter;2003;S;Аквамарин;АИ-95;РКПП;True
369f6012-3b92-46e1-881e-96937f210217;5;Украина;ЗАЗ;Sens;2011;C;Сине-фиолетовый;АИ-92;АКПП;False
67530441-379c-4c06-b6aa-988e56d0d6a6;2;Китай;Dadi;City Leading;1971;S;Темно-зеленый;D;РКПП;False
bc6bc656-2bd1-4b95-9a0e-03f3af681735;4;Китай;Bio auto;evA-4;1973;j;Темный хаки;АИ-92;РКПП;True
d8f5885f-e860-4fb8-a35f-2c3dfe722ac9;5;Россия;ИЖ;21261 «Фабула»;1977;F;Темно-серый;АИ-92;АКПП;True
bfa036b2-d553-49a2-a0a4-2d209c44c500;5;Россия;Apal;21541 Stalker;2002;D;Бледно-зеленый;D;АКПП;False
aff42a71-ee1b-4baf-8aae-8e1fe17dc735;6;Франция;Peugeot;508;1992;D;Бирюзовый;АИ-92;АКПП;False
cf99b6ea-220a-4bc0-954f-d5730594cab2;2;Украина;ЗАЗ;Vida;2006;C;Темный хаки;АИ-95;АКПП;False
953d66e3-ef71-4630-bc89-8f35b4b763f1;5;Германия;Alpina;B9;2003;B;Оранжевый;D;БКПП;False
5a97a6e9-9c4d-48df-b0fb-a17c8dc8609c;3;Россия;Flanker;F;1987;A;Розовый;D;МКПП;True
76d3f717-1e2c-4dd6-a756-6151f5299186;6;Япония;Acura;RL;2022;E;Темно-оранжевый;АИ-92;АКПП;False
a49d50f8-2117-4219-8624-79eeebd40667;2;Дания;Spyker;C12;1975;D;Красный;D;МКПП;False
8cadd7fc-0b85-4776-8798-8b195bd8038d;1;Великобритания;Eagle Cars;SS;1972;C;Сине-фиолетовый;D;РКПП;True
2be47884-912b-46d8-b569-87135286ab36;3;Китай;Avatr;11;1991;M;Темно-серый;АИ-92;МКПП;False
a55cfd2e-b4bd-417b-87e7-84f08e5b95f9;5;Япония;Daihatsu;Cast;2022;B;Серебряный;АИ-95;БКПП;False
72b1306d-d6e2-4795-b09c-1329bbb2f9e0;4;Китай;ZX;Admiral;1993;F;Розовый;АИ-92;МКПП;False
02e98ce5-0fd3-4b3f-837e-24e16978b5f6;1;Китай;BAW;Ace M7;2018;C;Черный;АИ-95;МКПП;True
913f6b88-4cb9-4977-a7ba-3a9018dcecae;5;Китай;Tianye;Admiral;1982;j;Тусклый серый;АИ-95;РКПП;False
6c7e0abd-8aed-49d2-98ea-c6deb1d5f632;6;Китай;Zeekr;X;2002;D;Слоновая кость;АИ-92;РКПП;True
2adb31f2-580e-4af9-9e29-9cf8b2b9520a;3;Великобритания;LTI;TX;1996;S;Фиолетовый;D;БКПП;True
182c1279-ec3e-4721-9a19-d8a79c245bef;2;Германия;Maybach;Exelero;1981;S;Бледно-зеленый;АИ-95;БКПП;False
0ce3d16c-7e06-4b41-9031-49467d6cad98;4;Китай;Jaecoo;J7;2020;A;Серебряный;АИ-95;БКПП;True
bf548dca-f96b-449a-aedb-eb957366d6a4;6;Великобритания;AC;Aceca;1970;C;Бледно-Бирюзовый;АИ-92;РКПП;True
bbdc02f0-6668-4b6f-a17b-42aa5818071f;5;Германия;Bitter;CD;2000;j;Темный хаки;АИ-92;БКПП;True
c19b6e51-8855-4c28-be17-23869795c9e6;5;Дания;Zenvo;ST1;1976;M;Коралловый;АИ-92;РКПП;True
bcaf742f-7976-41ca-b793-e2b90dcbfe52;5;Италия;Maserati;Mexico;1994;E;Темно-синий;АИ-95;АКПП;True
268db0d7-8e42-4d21-a208-4bdb96af7b40;2;Китай;EXEED;TXL;1980;E;Светло-розовый;АИ-92;БКПП;True
e79a4ee4-cbea-4874-b5f2-f91206f26678;3;Дания;Spyker;C12;1993;D;Цвет морской волны;АИ-92;РКПП;False
5d4d10da-655e-413d-afa8-2237556d57e2;6;Великобритания;Triumph;TR6;1986;j;Светло-голубой;АИ-95;БКПП;False
4812a210-566a-4d4f-aeaa-0d7e4a31d41c;0;Китай;Lifan;Cebrium (720);2001;A;Светло-розовый;АИ-95;РКПП;False
66dd3b7b-a641-45eb-b789-b54f8dd569a4;5;США;Renaissance;Tropica Roadster;1980;D;Темно-оранжевый;D;МКПП;True
015b6357-389a-497b-8d33-469f2060affb;6;США;Oldsmobile;Cutlass Calais;1970;B;Светло-зеленый;АИ-92;БКПП;False
4c40fd15-6f0f-4dc9-9cbd-a803a257b44a;0;Китай;Dayun;Yuanzhi M1;1991;B;Белый;АИ-95;РКПП;True
e394cbb6-3ccd-4257-9d79-3cd30452c2f2;5;Китай;JMEV;GSE/Yi;2012;j;Сине-фиолетовый;АИ-92;БКПП;True
33790f94-5bba-4814-ab00-488403903079;4;Великобритания;Aston Martin;DB5;1972;j;Античный Белый;АИ-95;МКПП;True
ada5e912-b0e8-4229-a3bd-fe1716a95f5d;1;Италия;Tazzari;Zero;1997;D;Индиго;D;АКПП;False
31dbb536-fe86-41a3-9b64-ae0a0877e876;5;Китай;ZX;Grand Tiger;2000;M;Темно-синий;D;АКПП;False
4e620770-ee29-4658-8482-6fe01deef504;3;Украина;ЛуАЗ;967;2008;M;Индиго;АИ-95;АКПП;True
c66aae76-2c86-4242-8981-75f75fb0db85;4;Россия;Doninvest;Kondor;1972;A;Темно-красный;D;РКПП;False
da40cd9e-d0cd-41a7-9f7d-6d02be83451f;4;Швеция;Volvo;260 Series;2008;F;Темно-фиолетовый;D;АКПП;False
91435c05-9e0f-4ff0-b067-728c15880a61;5;Китай;Zotye;Z100;1979;F;Темно-розовый;D;МКПП;True
a6d5e163-5921-41a4-a4e0-a8caa777f85e;6;Китай;GAC;GS5;2003;E;Серый;АИ-92;АКПП;False
1cbc0fa5-2328-4853-8711-a6c571ea1986;2;Великобритания;Westfield;SEi & Sport;1993;B;Белый;АИ-95;АКПП;False
05e88d97-0d77-4343-a64a-e327e215926f;4;Китай;Soueast;DX8S;2015;j;Светло-голубой;D;МКПП;True
c0a11992-aeb6-4a30-aabf-2789351e2254;0;Норвегия;Think;City;2005;S;Светло-серый;АИ-95;АКПП;False
e360dcfc-949d-4971-972b-fd124888290b;2;Китай;Wuling;Xingchi;2019;B;Малиновый;АИ-92;АКПП;False
1272d373-cff3-40e3-ae26-e37d0b469916;0;Китай;Oshan;X7 Plus;1984;A;Каштановый;D;АКПП;True
d3e8280a-ca97-4951-a504-287101178f9b;4;Китай;Haval;H5;2007;M;Аквамарин;АИ-95;АКПП;False
c7bb6d13-80a2-4db2-ad70-99f2e8440480;2;Россия;Sollers;ST6;2010;j;Золотой;D;МКПП;False
5eb6dee5-4512-412a-a8fd-16a5a96561b0;1;Китай;JAC;J6 (Heyue RS);2018;S;Белый;АИ-92;БКПП;True
1733825f-4d83-4f57-9a3e-8b6897ebe183;6;Китай;Skyworth;EV6;1980;F;Желтый;АИ-95;БКПП;True
18f58c02-45cf-4325-8638-bdc7478f16e3;3;США;Dodge;Caravan;1990;M;Белый;АИ-92;РКПП;False
e2ad7703-7f60-419c-b89d-725fbf4aedbb;2;Китай;WEY;VV7;1970;E;Аквамарин;АИ-95;МКПП;True
7cf497a8-b90f-41ee-a5f8-afdd384b13f0;5;Великобритания;Lotus;340R;1990;F;Ярко-розовый;АИ-95;РКПП;False
55fa3cbf-3529-4ed4-99f2-4f4011d82902;1;Китай;Hycan;A06;1990;C;Светло-серый;АИ-92;АКПП;True
18f45ff2-ab43-450e-a32a-7d95143ffc4d;2;Великобритания;Reliant;Scimitar Sabre;2005;D;Сине-фиолетовый;АИ-92;АКПП;True
c15d22e3-2cee-449a-b04a-ebe87e3d682d;4;Китай;Seres;SF5;2001;C;Темно-голубой;D;МКПП;False
082bc818-6158-44de-84a4-c1cb591b4e65;0;Румыния;Aro;10;2009;B;Индиго;АИ-95;БКПП;False
75065d1b-4fec-45ac-b3a2-9b2729ce848f;5;Франция;Renault;18;1975;E;Темно-зеленый;АИ-92;БКПП;True
650d1e79-9fc6-477b-975a-424d1c77b4fe;3;Южная Корея;Renault Samsung;SM6;1976;M;Каштановый;АИ-95;БКПП;False
bdcf99ee-f0bb-44ee-9a28-4c7cf6b7f570;4;Япония;Infiniti;M;1971;E;Розовато-лавандовый;АИ-95;АКПП;False
8a65c562-d499-4f39-9ea8-a92185635b16;5;Израиль;Zibar;MK2;1971;E;Розовато-лавандовый;АИ-95;МКПП;False
ba61fc18-e18c-4b18-87ad-bc8d50cd8136;5;Китай;Venucia;V-Online;2020;E;Слоновая кость;АИ-95;АКПП;False
94a19dc3-3fd1-432c-aad2-dff6f1824c44;5;Германия;Bitter;CD;1991;D;Темно-зеленый;АИ-92;МКПП;False
26f45696-4582-4d2f-9d59-71176d8b5a89;5;Италия;Maserati;Quattroporte;1989;j;Светло-синий;АИ-95;БКПП;True
069e30d7-efbb-491e-b3d1-e69eb127290a;5;Малайзия;Perodua;Nautica;2023;E;Темно-фиолетовый;АИ-92;АКПП;False
55a7a05d-fda2-46fe-9dd2-65c8d37895bf;1;США;AM General;HMMWV (Humvee);2004;S;Тусклый серый;D;РКПП;True
6b43ef00-f2c9-4d2d-bd23-ef1094a7f6c3;4;Китай;Ciimo (DongFeng-Honda);M-NV;2004;F;Светло-голубой;АИ-95;РКПП;False
5033ec99-788f-490f-9502-e803865ebec4;1;Франция;Citroen;C6;1994;D;Темно-красный;D;АКПП;False
67adf099-4561-4d06-a65b-ed55d0e1aff6;0;Япония;Daihatsu;Mebius;1992;D;Каштановый;АИ-95;МКПП;False
f213fcef-ebd1-4873-9e00-10f70faca9a5;5;США;Jeep;Liberty (North America);1976;D;Фиолетовый;D;МКПП;False
9c662f8d-a4ce-465d-a3f0-a1f1074c3bda;1;Южная Корея;SsangYong;XLV;2001;B;Цвет морской волны;АИ-92;БКПП;False
8a9bc773-0eba-48a6-9ca6-c3feda59d706;2;Китай;Byvin;BD326J (Moca);2007;S;Черный;D;МКПП;False
91a9bc74-4a32-404d-9996-8cdbc1befde4;1;Китай;Qiantu;K50;1987;S;Желтый;АИ-92;РКПП;False
ea419a21-a4d5-4cfe-a0d1-0cf88a084dd9;6;США;AM General;HMMWV (Humvee);1999;E;Бледно-зеленый;D;АКПП;False
a53b8949-c81a-432b-8c6a-4419dfa36c1d;5;Россия;ЗИЛ;111;2023;D;Черный;АИ-95;АКПП;False
cf64a1dd-798c-4396-aed4-50fbfb339e27;2;Германия;Hanomag;Rekord;1987;B;Оранжевый;АИ-92;АКПП;False
e3894209-20d5-4265-b419-46e3e4422d6f;1;Великобритания;Bristol;Blenheim Speedster;2006;S;Темно-голубой;АИ-92;АКПП;True
c014fbdb-ea68-444e-88ce-a7916777053c;4;Великобритания;Metrocab;Metrocab II (TTT);1983;E;Светло-синий;D;БКПП;False
346234cf-81d3-4c61-9a02-4e44cd22098f;4;Россия;Aurus;Senat;1990;B;Фуксия;D;БКПП;False
29a3a68a-ab1c-45f8-b24b-c95eafca8631;6;Швейцария;Minelli;TF 1800;2007;C;Светло-серый;АИ-92;МКПП;True
217e4c04-4133-4aea-9420-e54fe4baf248;4;Германия;Bitter;Type 3;2014;j;Желто-зеленый;АИ-95;МКПП;False
7eb76a13-0848-4787-8ae8-071ed48d880b;3;Китай;Foton;Midi;2010;S;Цвет морской волны;D;АКПП;False
2f13ed1d-6d20-4d1a-b81a-db1aca0342a4;3;Бразилия;Puma;GTE;2018;S;Аквамарин;D;АКПП;True
b72705be-3902-43a1-b398-356bc2e254e4;0;Китай;Haima;Aishang EV;2022;D;Серый;АИ-95;АКПП;True
7e0d90c0-1cca-41be-b62f-d1ef63682d4f;5;Россия;Derways;Shuttle;1983;E;Светло-зеленый;D;БКПП;False
6904cb7a-6258-4cbd-81a9-448c86f47028;4;Китай;Changhe;Ideal;2009;C;Шоколадный;АИ-95;МКПП;False
27829bba-464a-4d74-b5ff-b1c21e4d5e54;0;Италия;De Tomaso;Mangusta;1983;C;Серебряный;АИ-95;АКПП;False
5e0d6f5d-2aca-42d0-aa5f-78f3bda7e73a;6;Украина;ЗАЗ;968;1986;E;Оранжевый;D;БКПП;True
d602c532-260e-4124-9670-b9792868b4a8;2;Великобритания;Land Rover;Range Rover Sport;2008;S;Оранжевый;АИ-92;БКПП;True
a1d6dd82-c6d0-4324-8fd9-4cb7ea26a925;1;Великобритания;Jaguar;XJ;1987;E;Фуксия;АИ-95;БКПП;False
99028df7-7b07-4e5e-90dd-c58ca451bd6d;0;Китай;Ciimo (DongFeng-Honda);M-NV;2003;E;Синий;АИ-92;РКПП;True
c6292bfb-c65f-4712-b19d-5ff16c3aedb9;4;США;Callaway;C12;2007;C;Зеленый;АИ-95;АКПП;True
8c66986e-6a40-47f8-b3b6-99fc8a37fcc8;3;Китай;Weltmeister;EX5;1978;M;Темно-бирюзовый;АИ-95;РКПП;False
fec1c6a2-6a97-4dd3-9c9a-3d67f592e72d;5;Китай;Kaiyi;X3 Pro;2002;C;Светло-серый;АИ-95;РКПП;True
7fc746a5-a2a9-4791-b159-aa509e54c9aa;1;Китай;FAW;Besturn X40;2013;D;Аквамарин;АИ-92;РКПП;True
5a21c0ef-bee3-4fe5-817b-46736c922794;2;Италия;Innocenti;Mini;1987;F;Светло-голубой;АИ-95;БКПП;True
3ecdacb3-87b1-4a68-9097-f3fd0c86986a;1;Великобритания;AC;Aceca;1979;B;Индиго;D;АКПП;False
4a2d1dc1-dd59-4254-bbc1-41fa1d1a4a62;3;Индия;Bajaj;Qute;1997;j;Темно-оранжевый;АИ-92;БКПП;True
945dfeef-ccbf-46e9-a9f7-5e40ac8a48fa;6;Великобритания;Rover;Metro;1996;F;Темно-голубой;D;МКПП;True
54ec253e-f47d-489f-bde4-2a86364751e1;4;Япония;Lexus;LX;2010;S;Хаки;АИ-92;МКПП;False
997fe044-98dc-41c3-8983-ddc49903ea7b;4;Германия;Messerschmitt;KR200;1989;A;Светло-серый;АИ-95;РКПП;False
6105aeeb-2e4c-49d7-98f7-63e0e9031af1;4;Китай;Landwind;Х9;2000;j;Лазурный;D;АКПП;True
7714620b-872b-4819-9894-56bbf4bafe54;5;Россия;ЗИЛ;111;1999;j;Античный Белый;АИ-92;БКПП;True
f9a0e22d-a708-4d84-8d05-d6592abea04b;3;Япония;Lexus;LFA;1981;F;Розовый;АИ-95;АКПП;True
71e29e45-1b8c-4132-a37a-f7b815dfba9b;3;Австралия;Holden;Statesman;1992;D;Бежевый;D;МКПП;False
e6306631-eca6-4806-98ee-b6d6524f8a87;4;Китай;Byvin;BD326J (Moca);2001;F;Зеленый;АИ-92;МКПП;True
ad391f92-f6de-4b41-98a0-47750aadf046;6;Великобритания;Rover;SD1;1988;j;Бежевый;D;БКПП;True
f605ea58-f0ef-4c43-961f-cfe336e92b50;2;Великобритания;Land Rover;Series II;1971;C;Каштановый;D;АКПП;False
c1add2fc-fc52-4086-ac5c-3ba667ca8821;6;США;Hudson;Super Six;1972;B;Каштановый;АИ-95;АКПП;False
ac733425-96e0-4995-905c-64dba1def217;4;Китай;Hafei;Brio;1999;M;Темно-синий;АИ-92;РКПП;True
1b70e9a6-4928-4c14-b6c4-99c8a6c4581c;4;Япония;Nissan;Expert;1970;D;Зеленый;D;АКПП;False
a4e33734-603f-4bf0-a30e-434a423a6da3;4;США;Cadillac;Brougham;1998;D;Синий;D;РКПП;False
b2d28b67-2a31-4ba4-9c2d-5a49b238c5b7;1;Великобритания;Eagle Cars;SS;1976;C;Бледно-Бирюзовый;АИ-92;АКПП;False
4ea5b1ee-2301-48ce-89f4-da0f83cd21f4;2;США;Willys;Jeepster;2010;S;Темно-зеленый;D;МКПП;False
44ae22f6-edec-49b2-9d28-e8352658c83e;0;Россия;Marussia;B2;2012;D;Сине-фиолетовый;АИ-92;БКПП;False
f4b7d16b-ca70-421c-8853-b9a87e05d213;5;США;Hennessey;Venom GT;2016;S;Слоновая кость;АИ-95;БКПП;False
b4ce01d6-c373-4147-b2a1-2bd77e2c55bd;1;Испания;Santana;PS-10;2012;D;Бледно-Бирюзовый;АИ-92;МКПП;True
dc577f88-0fb2-40f1-9dee-008d140e6bad;1;Германия;Hanomag;Typ 13;2003;F;Тусклый серый;АИ-95;МКПП;True
3080144c-0c41-4f6f-982f-b906c9fe18ff;6;Чехия;Skoda;Octavia RS;2019;A;Фуксия;АИ-95;РКПП;True
16d7400e-2838-4454-b247-51d3df4a53a7;6;Великобритания;Spectre;R42;1984;F;Белый;АИ-92;РКПП;False
4f8f3898-e4e7-4a3e-8b05-2c2ff4d6a1d3;5;Китай;Blaval;FH-EQ;1996;M;Малиновый;D;АКПП;True
adad50af-3478-441f-b4a3-fb157f66595b;0;Китай;Aito;M5;2016;A;Светло-голубой;АИ-92;АКПП;True
4dca45b5-1db0-47ca-b6fc-c883239a6c1c;3;Южная Корея;Daewoo;Nubira;1991;S;Ярко-розовый;АИ-92;БКПП;False
4e96dd15-e5cb-4f66-a08d-869ffe04af9b;2;Великобритания;MG;Mulan;1982;E;Синий;АИ-95;АКПП;True
5400acc6-dc3f-426e-97bc-af5a2ee38ead;3;Китай;SWM;X7;1984;A;Сливовый;АИ-92;МКПП;True
1c05b0df-01c9-4145-88f5-eb4ea3015e79;3;Швеция;Polestar;4;2004;D;Красный;АИ-92;МКПП;True
8acee6ba-54de-4385-950b-952019655088;4;Китай;Ciimo (DongFeng-Honda);M-NV;2015;M;Темно-зеленый;АИ-92;МКПП;True
263875d6-bfe1-4409-909b-aad6241a0683;3;Австралия;Holden;Jackaroo;1970;A;Серый;АИ-92;РКПП;True
c5c027d1-f448-405f-a40e-5041fe53721f;4;Китай;Jinbei;Haise;2004;B;Шоколадный;D;РКПП;False
aecb789d-581b-4423-9b80-bb51828354be;1;Китай;DongFeng;A9;2009;A;Темно-серый;D;МКПП;False
b8a7bdd6-a811-4585-884c-2eb5a2959b30;6;Германия;Borgward;Hansa 1100;1983;A;Малиновый;АИ-95;АКПП;False
de400df2-292d-4741-a175-a98c0783ba5c;0;Хорватия;Rimac;Concept_One;2008;C;Желтый;D;МКПП;True
576b35c5-67bc-46d4-8037-5bb8b9f7470e;0;Австралия;HSV;Maloo;1970;F;Сине-фиолетовый;АИ-92;МКПП;True
82e745e9-c2c2-4728-a1af-ade7251b6aea;5;Китай;Haima;E3;2004;S;Каштановый;D;АКПП;False
89f5fe17-4265-40b2-9d5c-ef01c41afe70;3;США;Panoz;Esperante;1985;B;Золотой;D;АКПП;False
79fcc8c0-1587-461e-99f3-6a6d314a7ce7;4;Китай;VGV;U70;2007;A;Тусклый серый;D;БКПП;False
7d8a6e2d-53ae-4d5c-b93c-5c7e9795dcd0;5;Чехия;Tatra;T603;1975;M;Светло-серый;АИ-95;МКПП;False
387ae32e-1117-4232-9897-f72cf025424b;3;Великобритания;AC;Aceca;1970;E;Цвет морской волны;АИ-92;АКПП;True
ad8dab33-a70e-46e9-90e3-0f3e8d93ec14;3;Германия;Trabant;1.1;1972;F;Бледно-зеленый;АИ-92;БКПП;False
00c84882-fb91-457e-869d-b3e160149461;4;Великобритания;Zenos;E10;1984;S;Зеленый;АИ-95;РКПП;False
f3c5e26b-d6f6-4134-84cd-b245191a4bc7;4;Китай;HuangHai;Plutus;1971;D;Темно-оранжевый;АИ-92;БКПП;False
2783a2fe-9989-4cab-91bc-f29daf950b50;4;Франция;Peugeot;305;1986;A;Темно-серый;D;АКПП;False
9308b61c-5783-4c3c-a9f6-98b73a9a5832;1;США;Jeep;Grand Cherokee;2005;D;Темный хаки;АИ-95;БКПП;False
a85841d2-fec6-455e-8cf4-20b4954928ce;0;Китай;Hafei;Princip;1982;C;Каштановый;АИ-95;РКПП;True
da384989-bed4-4042-9a7b-641be54dcb93;0;США;DeLorean;DMC-12;1997;A;Темно-голубой;АИ-95;МКПП;True
4f98afc6-22e9-496d-820e-db4167cf303d;4;Южная Корея;Renault Samsung;SM6;1975;D;Золотой;АИ-92;РКПП;True
b30fa1fc-ed94-4fdf-80ee-44d101ef6d33;2;Китай;Tianma;Dragon;2011;B;Бледно-Бирюзовый;D;БКПП;True
de0d0bd7-cb00-4161-84ca-ae42b1f4e5ca;0;Китай;Denza;N7;1982;C;Фиолетовый;АИ-92;АКПП;False
322c02f7-d181-4cba-8617-b78718a8fd19;5;Великобритания;Ultima;RS;2007;S;Цвет морской волны;АИ-95;АКПП;True
49567815-ee3b-467e-be69-05a910d31387;4;Китай;Chana;SC6390;2022;D;Малиновый;АИ-95;БКПП;False
77bdbfaa-91ef-4cee-aaee-2e9c85f162af;1;США;Rivian;R1S;1982;B;Темно-серый;D;РКПП;True
3aea13de-e0dc-402e-b07a-40d79d6d08b5;5;Китай;GAC;GN8;1983;A;Оранжево-красный;АИ-95;БКПП;True
7391a437-36be-432a-bf0d-f3c3893da834;1;Китай;ORA;Good Cat;2002;A;Васильковый;АИ-92;АКПП;True
2d346cfa-cfc7-4f4c-aa86-7c5478602396;6;Италия;De Tomaso;Bigua;2017;C;Темно-голубой;АИ-95;МКПП;True
16c7522d-09d7-4318-9747-b38976e6b508;4;Австралия;Holden;Jackaroo;2005;A;Темно-голубой;АИ-92;АКПП;False
474198ef-b183-4b1f-b469-48029b347456;2;Китай;Jinbei;Haise;2003;B;Пурпурный;АИ-92;БКПП;False
a3de5bc8-7e2b-42ec-b6ff-65e4b34b2cd9;6;Китай;Weltmeister;EX6 Plus;1994;A;Розовато-лавандовый;D;РКПП;True
d57d62af-27f8-41a3-8866-1af216fdc92a;5;Великобритания;Metrocab;Metrocab I;2022;E;Бледно-зеленый;АИ-92;МКПП;True
57de43d7-5daf-43ad-a753-120ce98334a4;0;Китай;Oshan;X5;2021;M;Хаки;D;БКПП;False
998b41d5-99d5-4863-8725-d568e6ee3361;5;Южная Корея;Daewoo;Prince;2018;E;Светло-серый;АИ-95;РКПП;True
0ca183cf-daa4-440f-870a-6c9646d02dc8;1;Южная Корея;Asia;Rocsta;2017;A;Аквамарин;АИ-95;РКПП;True
cb9f788c-8e1d-4598-b3d5-1178ba788eb9;6;Китай;Weltmeister;EX6 Plus;1974;M;Светло-голубой;АИ-92;БКПП;False
4b9af80a-8c87-4bb3-a646-2291b9c40f6a;5;США;Ford;Ixion;1998;M;Синий;АИ-95;АКПП;True
86a645b7-58c4-41ec-8c97-f9e9e52a62a8;6;Италия;Innocenti;Mille;2005;D;Темно-бирюзовый;D;АКПП;False
98a33ee8-f306-4fac-9a2a-5cb9f2f68d68;3;США;Cadillac;Allante;1992;E;Темный хаки;АИ-92;АКПП;True
ccb9ea3c-8462-4e40-9bf4-0e2df02cc7a4;3;Китай;Arcfox;Alpha S;1972;M;Ярко-розовый;АИ-95;БКПП;True
f9750afe-a0e0-48c9-90e9-d6fbeeb2eb25;1;Япония;Mazda;Flair;2002;C;Белый;D;РКПП;False
9a8d3766-c696-4d5d-9884-5dd3a0cd2293;1;Малайзия;Perodua;Kenari;2020;D;Темно-бирюзовый;D;АКПП;False
3225d528-dc27-49d0-98f4-b4753b25f8d4;6;Китай;Nio;ES6;2009;F;Темно-оранжевый;АИ-92;АКПП;False
0eddff6f-f031-40da-958b-bc28108a26ae;1;Китай;Dadi;Smoothing;2014;F;Светло-зеленый;АИ-92;МКПП;False
8e4ef6a8-4cf0-4c7b-8405-4a31b558a14d;5;США;Lucid;Air;2009;D;Индиго;АИ-92;АКПП;False
f3740b28-f4e8-45b4-bbbf-251b5c49729e;4;Китай;VGV;U70 Pro;1975;F;Темно-серый;АИ-95;МКПП;False
7338f3b4-25e3-46be-ab10-fc309ee96003;1;США;Saleen;S7;2013;C;Сливовый;АИ-95;АКПП;False
51be859a-b061-4b72-ab9b-0a5abd9feeb5;3;Дания;Zenvo;ST1;2005;C;Темно-зеленый;АИ-95;МКПП;True
044f9536-ca2c-4faa-beaf-9ef4710ceddf;2;Германия;Smart;Forfour;1998;M;Розовато-лавандовый;D;АКПП;False
8447e3a0-f744-4994-82be-b1a920842db6;3;Япония;Suzuki;Solio;1988;C;Оранжевый;АИ-92;АКПП;True
4469298a-ed35-40ed-8944-695f90fa96c2;1;Тайвань;Luxgen;Luxgen7 SUV;1982;M;Сливовый;D;РКПП;True
0c4274ec-540f-4284-b855-b5bcb507a545;5;Китай;Skywell;HT-i;1981;C;Темно-оранжевый;D;БКПП;False
942c6ff7-26d0-40b7-a401-3f4a0b91fa00;3;Германия;Maybach;57;1980;A;Сине-фиолетовый;АИ-92;МКПП;True
d1d2fa0b-9119-4c5b-ad48-4b29556a0493;3;США;Hudson;Deluxe Eight;1987;M;Васильковый;АИ-95;МКПП;True
751139f6-0086-4655-88e1-c060ddf5ac2e;4;Китай;Geely;TX4;1979;C;Темный хаки;АИ-95;АКПП;True
9bfc5402-a650-46cc-ada3-026da12cc858;2;Малайзия;Proton;Satria;1989;F;Белый;АИ-92;БКПП;True
895fe418-2de4-4770-b1ce-6b62dbe88ff4;0;Объединённые Арабские Эмираты;W Motors;Lykan Hypersport;1996;D;Лазурный;D;РКПП;True
0945b654-8064-4030-9607-063dac93659c;4;Россия;Автокам;2163;1976;S;Тусклый серый;АИ-95;МКПП;False
f619e313-53d4-40d5-90cf-6d800685a73f;3;Италия;Coggiola;T Rex;2016;D;Розовато-лавандовый;АИ-95;МКПП;True
f9fe95e9-dd23-417d-ba2c-561138b29070;0;Австралия;HSV;Maloo;2013;C;Пурпурный;АИ-92;БКПП;False
166fc334-4f66-47d5-a7da-711a71b499da;5;Россия;Marussia;B1;2008;C;Зеленый;D;БКПП;True
f9599743-64df-4b5a-9bbe-453fe9dba4cd;1;США;Sears;Model J;1982;S;Желто-зеленый;D;АКПП;False
c731562d-09e0-4c17-ab2b-a189f4dc0c65;4;Россия;ЗиС;110;1990;j;Аквамарин;D;БКПП;True
15d42698-ad76-41ff-b3b1-2fd7edf06896;6;Китай;Dayun;Yuanzhi M1;1997;C;Тусклый серый;АИ-95;БКПП;True
d165fa4f-f29b-4663-bf4c-f2dafb4ebcd9;6;Румыния;Dacia;1300;1984;D;Серый;D;БКПП;True
47110605-855a-4bd7-94a0-78f9ee2ddbb0;1;Китай;Skywell;ET5;2023;S;Темный хаки;АИ-95;АКПП;True
de9367ee-e13c-4d7c-815a-a2eb7f0ae10f;2;Испания;Santana;PS-10;1988;D;Темно-зеленый;D;БКПП;False
037e80d0-8f80-44fa-bbdb-4a970640658d;2;Иран;Saipa;Shahin;2010;C;Малиновый;D;АКПП;False
6d407e8b-bda6-4e37-9497-2e81a76f99da;1;Чехия;Gordon;Roadster;2018;S;Аквамарин;D;АКПП;True
8116e417-e98d-4eef-b37c-ced50ba6ae30;2;Франция;Facel Vega;FV;2012;M;Сливовый;АИ-95;МКПП;False
18b9f685-6815-4e6c-a268-872fde08af21;4;США;Buick;Estate Wagon;2013;A;Ярко-розовый;АИ-92;БКПП;True
2ac196a6-4bcd-44b3-ba29-ef5704c9e775;6;Северная Америка;AMC;Rambler Ambassador;2016;M;Бежевый;АИ-92;БКПП;True
ac9b1ceb-90e3-46ba-b04c-86a526ced998;5;Россия;Руссо-Балт;С24;2006;B;Ярко-розовый;АИ-95;АКПП;True
7dd4d425-044a-47b5-b7c2-fbfd64929b91;6;Испания;Santana;PS-10;1974;S;Индиго;АИ-92;РКПП;False
6a32e032-ab4a-4ca2-8fb7-e716254a9f0e;1;США;Batmobile;1989;1996;F;Светло-зеленый;АИ-95;РКПП;True
c114122b-c7e7-46c5-8da4-6fc62a2bc7e3;5;Великобритания;AC;378 GT Zagato;1992;B;Желто-зеленый;D;БКПП;True
b81a6559-e5db-44e2-ad5b-caa5a926a166;6;Германия;Alpina;XD3;2011;A;Слоновая кость;D;МКПП;True
684a7ff3-1ca3-419a-8f70-69a78013ac3e;2;Великобритания;Bentley;Brooklands;2006;A;Розовый;D;БКПП;True
538f0155-31d4-465c-b894-9f735751a18f;3;Южная Корея;KG Mobility;Rexton;2023;M;Темно-бирюзовый;АИ-92;АКПП;False
d2addedc-f6e1-4aab-815e-25133ba3b775;0;Китай;Enovate;ME7;1983;A;Пурпурный;АИ-92;БКПП;False
25244518-ffcc-4359-b458-3f01eb42e469;5;Китай;Roewe;E50;2012;M;Светло-серый;АИ-92;БКПП;False
e149f759-7486-4c03-8315-aee2ee7d8c0e;6;Россия;ЗиС;110;1984;D;Золотой;АИ-95;МКПП;False
135bab60-7104-44ad-81d6-2736fb5aae13;1;Китай;BAW;Ace M7;1975;D;Ярко-розовый;АИ-95;БКПП;True
b89b2244-ff05-4445-a57b-1f0b3802ddc0;4;Япония;Mitsubishi;Town Box;1971;j;Шоколадный;АИ-92;МКПП;True
609a81f4-fbb7-4806-9151-33d107daa996;4;Япония;Mitsuoka;Yuga;2023;C;Темно-красный;АИ-95;РКПП;False
90d8477e-1e4b-4db3-b320-86731408e3a2;3;Россия;Sollers;ST6;2017;A;Светло-желтый;АИ-95;МКПП;False
c7f3ca31-6eff-46a5-a4f9-3bbfcf27655f;1;Китай;Lifan;Breez (520);2005;E;Аквамарин;АИ-95;БКПП;False
3e7fb2f4-14f1-4469-9da1-07ee9252ae63;5;Италия;Fiat;Bravo;1992;j;Цвет морской волны;D;БКПП;True
c5781fff-c2b8-43cb-a8f6-bafa0e9e432c;2;Италия;Pagani;Huayra;2004;M;Светло-голубой;D;БКПП;False
a1f371e7-354b-4a84-b329-77e6d93864b2;1;США;DeSoto;Custom;2005;M;Темно-бирюзовый;D;МКПП;False
99144740-a8a3-4879-85c9-5f8590b125c5;3;Бразилия;Puma;GTB;1998;A;Темно-бирюзовый;D;БКПП;False
222b1ee2-75df-431b-8e52-52d9445229b8;5;Китай;Gonow;Troy;1994;E;Светло-голубой;АИ-95;МКПП;False
cec3054f-a4f2-4662-ab1a-85f75446cd83;6;США;Callaway;C12;1985;S;Темно-синий;АИ-95;МКПП;True
504c924a-3e8b-4da6-9cc2-68d0da53040e;5;Великобритания;Bentley;Brooklands;1972;j;Темно-фиолетовый;D;БКПП;True
d6b213ea-d9e1-45ba-b27d-b980a614644d;4;Китай;Hawtai;B21;1995;C;Фуксия;АИ-92;АКПП;True
421edfa1-9beb-4bb7-9982-58e96056b9f2;5;Япония;Infiniti;QX55;1993;A;Светло-желтый;АИ-92;РКПП;True
6fd2ffd1-7e6b-4aeb-b78b-1caa86b0316c;4;США;Nash;Ambassador;2016;A;Сливовый;D;БКПП;False
ed3c7c26-ac20-4688-acdd-84775cdeb514;6;Китай;Enovate;ME7;2007;S;Розовато-лавандовый;D;РКПП;False
2807ca94-f647-44f8-a550-faf057d1521d;0;Китай;Tank;400;2014;S;Розовый;D;РКПП;True
9c5bd242-c527-4637-b948-c2924858e4ec;0;Китай;VGV;U70 Pro;2019;F;Васильковый;D;БКПП;True
10048832-a939-4e00-96a6-06be16cd434f;6;Бразилия;Puma;GTE;1978;A;Розовато-лавандовый;АИ-95;БКПП;True
c89268f1-8ba6-4c73-8a56-7a2823cf0f81;3;США;DeSoto;Firedome;2006;S;Сливовый;АИ-92;АКПП;True
2cdf08ad-24d6-4917-a87a-38a4b9890318;5;Великобритания;Marlin;Sportster;1986;F;Красный;АИ-95;БКПП;True
d8e92760-96df-40c8-9ba3-447c5e8fbcde;1;Китай;VGV;U70 Pro;2015;D;Пурпурный;D;МКПП;False
1599bd20-f64a-480d-b378-b33cd77b6dd6;6;Япония;Infiniti;I;2015;F;Желто-зеленый;АИ-92;БКПП;True
cab12e94-e9ea-40d3-bbc2-bcdfddc785ac;3;Южная Корея;Daewoo;Tosca;2006;M;Темно-бирюзовый;АИ-92;МКПП;False
3d2544d8-f95c-43cb-9225-e7b0b868a71a;4;Южная Корея;Renault Samsung;SM5;2014;B;Каштановый;D;МКПП;False
7c415c82-75c9-481a-8c43-1e9e904e5856;0;Китай;KYC;F3;1970;S;Темно-фиолетовый;D;АКПП;True
40e02882-7c63-4a7b-9d76-814adaa670cb;1;Китай;Brilliance;V3;2009;M;Желто-зеленый;АИ-92;БКПП;True
8193c4df-56c9-4976-8a01-aeef7e325d70;3;Китай;Qiantu;K50;2010;C;Бледно-Бирюзовый;АИ-92;АКПП;False
17fc55b3-cb16-4057-aed7-4899d53508ae;6;США;Cord;L-29;1970;M;Шоколадный;D;РКПП;True
feb873bf-9bfd-4838-918c-7078bd716c92;1;США;Chevrolet;Damas;1983;j;Светло-розовый;D;БКПП;True
1985c7c4-c211-4821-adc1-b5a58a1314d0;4;Дания;Spyker;C12;1974;j;Темно-серый;D;РКПП;False
fd1e4fc6-297d-4611-bcd5-cdac2b1e792f;3;Малайзия;Bufori;Geneva;1994;B;Розовато-лавандовый;D;МКПП;False
d1522797-1f9e-460c-94bd-80d1250e956c;3;Великобритания;Land Rover;Discovery;1970;F;Коралловый;D;АКПП;True
17f6ee8a-2ca2-4762-9920-0bf66fd95600;0;Китай;Logem;EC30;1973;A;Бледно-Бирюзовый;АИ-92;РКПП;False
bf008e80-44d0-4a72-84fe-a6801bb1661d;5;Китай;Tank;300;1983;S;Темно-розовый;D;АКПП;False
25059a39-1141-49e6-9837-406c8d4b4399;6;Великобритания;McLaren;600LT;1997;M;Индиго;АИ-95;АКПП;False
eb0568c0-369d-47b3-98b8-1bc3d4afcff0;2;Китай;Logem;EC30;1988;C;Темно-синий;D;МКПП;False
731ac3ef-4c14-45a0-9711-8bc295b2d968;0;Чехия;Skoda;Roomster;2022;M;Золотой;АИ-92;МКПП;False
d1c44b4a-2bc0-441c-b4e9-5b52d0e8ace3;4;Китай;Jaecoo;J7;1989;S;Серый;АИ-92;АКПП;False
0300b109-1b41-4b7c-9173-9ed8058bcf84;4;Франция;Venturi;400 GT;2009;M;Фиолетовый;АИ-92;АКПП;True
ce9aee21-34ef-4094-a2ea-66e35881fcf9;4;Китай;Tianma;Century;2018;B;Бирюзовый;D;РКПП;True
642eae3e-a2f7-406f-ba57-314090a1baad;4;Россия;Flanker;F;2006;E;Желтый;АИ-95;РКПП;False
7c7a45ec-0393-4e36-a53c-5ab44eacba66;5;Китай;Byvin;BD326J (Moca);1975;B;Светло-желтый;АИ-95;РКПП;True
d897d45f-85d1-4b0f-8de5-1810822604aa;5;США;GMC;Suburban;2020;C;Светло-синий;D;АКПП;False
a8ac4d7b-59d0-4d75-9f63-c293de60a2ae;1;Китай;Jonway;UFO A380;2020;B;Каштановый;АИ-92;БКПП;False
5620dc01-dadc-40c7-8b58-8ace7b17a878;3;Япония;Nissan;Stanza;2017;D;Тусклый серый;АИ-95;РКПП;True
7e19b6f5-249d-4a61-b99d-7505db473225;4;США;Geo;Spectrum;1981;B;Темно-фиолетовый;D;РКПП;True
177029e2-2350-4dd4-bfb2-8f7e64c3425c;6;Германия;Messerschmitt;KR200;1992;B;Темно-оранжевый;АИ-92;РКПП;False
f4c35850-ab21-487d-857c-c083d860b797;2;Великобритания;Bristol;Fighter;2003;B;Каштановый;АИ-95;БКПП;False
89e60766-1b36-4a8e-92be-8d88ecd7cf35;3;Франция;Simca;1300/1500;2015;B;Ярко-розовый;D;БКПП;False
42d36171-ed9b-47c1-a848-70b36eac12c1;1;США;Vector;M12;1998;B;Желто-зеленый;АИ-92;МКПП;True
79e8013d-60c2-454e-bb0f-854331caa828;3;Франция;Delage;D12;1978;M;Пурпурный;АИ-92;БКПП;False
a4f36fe6-b3aa-4e1e-ad53-c24ef9fe3694;6;Великобритания;Daimler;SP250;2011;M;Темно-зеленый;АИ-95;БКПП;True
326ebe07-e8c9-48ab-81e7-b0a235dc8d85;0;Южная Корея;SsangYong;Kallista;2020;S;Аквамарин;АИ-95;РКПП;False
ddf522b0-eb8c-443e-86c0-a3af26518a30;4;США;Hummer;H2;2005;j;Темно-красный;АИ-92;РКПП;True
6a8cc963-1a04-4906-8e19-ae47982a07ec;0;Китай;Forthing;Thunder;1982;j;Аквамарин;D;АКПП;False
d0e41de8-641e-430c-aaa9-8d61e3c122ad;2;Китай;Gonow;Troy;1994;C;Серый;АИ-95;РКПП;False
857fdaee-8555-4d49-a416-3fe944d6954a;5;США;Batmobile;1989;1973;F;Античный Белый;АИ-92;МКПП;False
3cebaaeb-3b3d-4250-8c7d-4274c216d2ad;5;Великобритания;Marlin;Sportster;2018;j;Тусклый серый;АИ-92;БКПП;False
7f268b76-8e4e-4ea3-9a91-966802586104;2;Великобритания;AC;Ace;1976;j;Синий;D;АКПП;True
947b66b2-d183-4d0c-bb8a-a78efe1f0219;3;Польша;FSO;Polonez;2021;S;Бирюзовый;D;МКПП;False
86fa3324-fdce-4a08-983f-ff3321dcb1be;2;Китай;Zotye;E200;1986;M;Васильковый;АИ-92;АКПП;False
b4ea6c52-a987-465d-84fe-306278bd299e;2;Испания;SEAT;Inca;1987;E;Тусклый серый;D;АКПП;False
e3efccbf-8d8f-4ef0-aa01-e2d7b5e8f4c4;3;Китай;EXEED;RX;1974;C;Темно-бирюзовый;D;РКПП;True
57492dc4-961d-4f3e-901e-66e383eb37b3;1;Франция;Alpine;A610;1978;F;Аквамарин;АИ-95;БКПП;True
20ad4c1a-62ae-4045-a37a-b6fe1ce7a386;3;Китай;Voyah;Dream;2011;A;Светло-серый;АИ-92;РКПП;True
4a5ee1b3-6db6-4251-8bc7-f7fb591640b4;2;Южная Корея;SsangYong;Kallista;1974;S;Золотой;D;РКПП;True
0e763e8b-693f-425c-bb8a-e60229543e04;5;Китай;Lynk & Co;08;1971;S;Фуксия;АИ-92;АКПП;True
bf714bf3-b533-4cd2-b573-4e0fe409cf7c;1;Китай;Hawtai;Laville;2012;E;Оранжево-красный;АИ-95;АКПП;False
42f38d8f-5922-408b-9fdd-2bd92df087de;1;США;Jeep;Commander;2013;M;Золотой;D;МКПП;True
f1509938-de20-488b-8643-7676690a7cb4;2;Китай;Logem;EC30;2011;C;Ярко-розовый;АИ-95;БКПП;True
d495cfaa-54a1-4842-bde1-4486caa89ec1;0;Китай;Changan;CS15;2005;E;Оранжево-красный;АИ-92;РКПП;True
55608fe7-f2f2-47a3-b691-387e75c0520a;6;Россия;Vortex;Corda;1980;A;Темно-фиолетовый;АИ-92;АКПП;True
ee7b4009-eadd-4a73-9874-b3130e906a42;3;Германия;Goggomobil;T;2011;E;Фиолетовый;D;РКПП;False
f1c36742-0f85-41ff-8a97-0c049a5685ff;4;США;Hennessey;Venom F5;2015;C;Темно-серый;АИ-95;БКПП;True
c4facd6d-1aca-476c-b40a-985886066128;4;Сербия;Zastava;Florida;2013;B;Темно-розовый;АИ-92;РКПП;False
7893c410-5f12-470c-99ee-0ca1604722be;0;США;Pierce-Arrow;Twelve;1988;D;Ярко-розовый;АИ-92;РКПП;True
ad9d7d27-5421-4e1f-97d2-63837bffda9a;1;Германия;Hanomag;Typ 13;1980;C;Темно-бирюзовый;АИ-92;МКПП;True
206313d5-a1ff-4ac6-9db5-3fdd55cf865e;1;США;Saturn;Astra;1975;C;Аквамарин;АИ-95;БКПП;False
ace72630-0762-43e0-903c-2258b328fae3;4;Китай;Soueast;A5;2023;D;Фуксия;АИ-95;МКПП;False
3146c8ad-2379-46f3-93f1-15c9d8ca52ef;6;Германия;Mercedes-Benz;W108;2016;C;Шоколадный;АИ-95;РКПП;False
43f1357c-bbc9-4e4f-9c4a-02bf40ac6db8;0;Иран;Saipa;Saina;1996;j;Слоновая кость;АИ-95;МКПП;False
e6c132b8-2ad3-4011-b7eb-3e03ebabf374;4;Япония;Isuzu;Ascender;1990;E;Светло-зеленый;АИ-92;АКПП;False
0162378e-00f1-43ca-8ce5-7d7a2b86457b;6;Франция;Alpine;GTA;2002;D;Бежевый;АИ-95;БКПП;True
ac07ef8c-8876-4299-9a0b-b1f70e00ec00;2;Италия;Osca;2500 GT;2002;E;Желто-зеленый;АИ-92;МКПП;True
6e11ae06-dca9-42d6-91ba-7ddcf44a962f;4;США;Excalibur;Series V;2020;j;Пурпурный;АИ-92;МКПП;False
88436fbe-9be5-40b8-8068-e23ceea3f949;5;Дания;Zenvo;ST1;2019;D;Хаки;АИ-92;БКПП;True
693ce678-832e-4713-a796-23a419240f81;3;Китай;Hawtai;B21;1993;E;Светло-серый;D;АКПП;False
16161c2b-9340-4df2-a37e-0b8343182e06;1;Германия;Horch;830;2016;C;Аквамарин;АИ-92;МКПП;True
6ca5744d-2f58-4df2-9491-e204fe39cf8a;0;Великобритания;Spectre;R42;1983;E;Темно-бирюзовый;D;БКПП;False
eb4a3763-2eb5-4c80-8b33-d7898ea0be1e;6;Мексика;VUHL;05;1975;F;Темно-синий;АИ-95;РКПП;False
5db112e5-22e3-4b33-8989-25650a4e813c;1;Россия;Flanker;F;1995;S;Розовато-лавандовый;D;БКПП;False
3b3b0a3b-0409-44e0-b4e2-5f296eee8d93;2;Китай;Leapmotor;C01;1985;F;Желто-зеленый;АИ-92;РКПП;False
93bc1943-4dae-411a-b006-f640ac3060da;6;Китай;Jonway;UFO A380;2000;F;Коралловый;D;МКПП;True
7daeccbb-cb2f-4cdc-b50f-b8a58e80e348;0;Россия;Aurus;Komendant;1981;j;Пурпурный;D;МКПП;True
5a6824f1-da2e-476a-a1f5-172b9a7fa9f7;6;Южная Корея;Hyundai;Solaris;2001;S;Темно-зеленый;АИ-95;АКПП;False
f17e4266-f162-47ad-a8a2-cd194617dcc5;0;США;GMC;Vandura;1992;F;Желто-зеленый;АИ-92;РКПП;False
cce8eece-3606-40a4-acd9-ac7ea221a05e;1;Швейцария;Minelli;TF 1800;1990;E;Сине-фиолетовый;D;БКПП;True
b617ca19-a3af-4d65-a2f4-c692584b17ed;5;Малайзия;Proton;Preve;1996;A;Васильковый;АИ-95;РКПП;True
6757f7e5-bb70-478c-a137-40c9550a8239;0;Франция;Matra;Murena;1982;C;Серебряный;D;БКПП;True
e9b9c007-8406-4e3c-97ef-d8dd46ed5e82;0;Китай;Xin Kai;Pickup X3;1984;F;Малиновый;АИ-95;БКПП;False
5c0c971b-95d3-49a2-81f9-99feddf83934;5;Индия;Bajaj;Qute;1971;D;Темно-красный;АИ-92;РКПП;False
f984eecc-c412-45fd-be35-d7e8a0b2c789;2;Россия;Flanker;F;1981;A;Бледно-зеленый;D;РКПП;False
83076c42-3a3f-43cf-9f11-fd80202b484b;6;Дания;Spyker;C12;2014;M;Васильковый;АИ-92;АКПП;True
db5cbf03-6c2d-4537-a6c4-792926a9f4b8;5;Индия;Mahindra;NC 640 DP;2019;S;Слоновая кость;АИ-92;АКПП;True
ceda025d-841b-4697-bc44-146c6fc52da9;4;Китай;ORA;White Cat;1999;F;Бледно-зеленый;АИ-92;МКПП;False
ef0530c3-c4cb-4a03-aa4e-4adb4e86bad8;3;Китай;Gonow;Troy;1984;D;Розовато-лавандовый;D;АКПП;False
1912fe6b-194d-4873-a4fb-7ee7933957bf;3;Китай;Zotye;Z100;1998;M;Темно-фиолетовый;D;РКПП;True
24194de0-2b2f-43b4-a2f8-56da70ea8b7e;6;Китай;Tank;400;2008;F;Темно-фиолетовый;АИ-95;БКПП;True
c0f2082a-af84-470c-b8a9-f8beff463b80;0;Великобритания;Morgan;Aero SuperSports;1989;A;Темно-розовый;АИ-92;АКПП;False
92d1de2f-0e7d-4ca3-becf-94bf45adb8ff;3;Китай;WEY;Coffee 01;2011;j;Шоколадный;АИ-92;АКПП;True
ea1eab8c-7692-4a1e-b323-2d65c8daabe6;3;Китай;Wuling;Victory;2018;C;Темный хаки;АИ-92;БКПП;True
a61e7968-3d43-47e9-b2c8-81ccb8009967;1;Южная Корея;Asia;Towner;1986;F;Шоколадный;АИ-95;РКПП;True
5a39631e-fa21-4326-a96e-ce5ec23b5c3a;3;Япония;Mazda;Roadster;1973;F;Темно-розовый;D;РКПП;True
e29aec5e-b242-4cdf-8cf1-b1287d1c7962;6;Китай;Hafei;Princip;1985;S;Светло-зеленый;АИ-92;БКПП;False
b94ba7b6-07ec-4b0f-823e-931b33d9a278;6;Германия;Smart;#1;1978;B;Фуксия;D;БКПП;True
c53f4c9a-6a31-497a-a5ef-1ff66f1802ce;2;Италия;Osca;2500 GT;1981;D;Темно-серый;АИ-95;РКПП;True
cd13e6aa-2fd6-4407-ba8b-c21f9ecd007a;0;Германия;Smart;Forfour;2000;D;Бежевый;АИ-95;АКПП;False
2a6ea2c8-cefa-4dac-94cd-b2fa4635d01f;4;Россия;Flanker;F;1971;A;Светло-зеленый;АИ-92;БКПП;False
5b2de8b0-8201-4f43-8c55-2e3a813f734a;5;США;Vector;W8 Twin Turbo;2011;E;Серебряный;АИ-92;РКПП;False
911d35b7-857c-486b-b574-b8f272b8a87c;2;США;DeLorean;DMC-12;1992;j;Желто-зеленый;АИ-95;БКПП;True
832ba60c-a44b-4d52-9b45-4aa8871efb4d;2;США;RAM;1500;2012;S;Розовый;АИ-92;АКПП;False
b42da6e8-82ff-4e52-9491-829bb9155666;1;Италия;Bertone;Freeclimber;1983;F;Серый;АИ-92;БКПП;False
296de1b9-6e19-4bb0-939a-6c8eae45ac75;4;Украина;ЗАЗ;966;2003;C;Оранжево-красный;АИ-92;РКПП;True
7aadd852-6ef7-48af-82a8-9c03a8e23f1a;0;Узбекистан;Ravon;R4;1988;C;Хаки;АИ-92;РКПП;True
f413cfe9-950d-4891-9f04-56604c0daa2e;4;Китай;JAC;Sehol A5 Plus;2008;B;Бледно-зеленый;D;РКПП;False
2dfddb7e-34c6-4e63-9ce8-ca9dbd5af9fa;5;Франция;Ligier;JS 51;1975;j;Розовато-лавандовый;D;БКПП;True
200dd6c2-8c8e-41d4-8e5a-258aaa9b573f;6;Франция;Mobilize;Limo;1988;E;Светло-розовый;АИ-92;МКПП;True
d4bac0ba-8a6d-4841-b9b4-daa489b21250;3;Китай;Jinbei;Haise;2007;F;Малиновый;D;БКПП;False
f9bff38f-ac81-427c-ad03-b3bb938cbab0;0;Китай;Geely;LC (Panda);1991;A;Лазурный;D;МКПП;False
53edb6ab-77b5-45e5-9480-164edab43d78;2;Италия;Bertone;Freeclimber;2006;S;Васильковый;АИ-92;РКПП;False
548dfdca-8f47-4b78-9bf6-d7ed3b6e1d89;2;США;AM General;HMMWV (Humvee);1988;j;Аквамарин;D;БКПП;False
5ac8935e-d9e2-4baf-bc7a-5f05a5621ab1;1;Италия;Autobianchi;A 112;1991;A;Фуксия;АИ-95;АКПП;False
8b59c050-4c5f-499b-a34c-d47f61621239;5;Китай;IM Motors (Zhiji);LS7;1986;B;Сине-фиолетовый;АИ-92;МКПП;False
ec435e93-3ac1-48d4-87e4-0d126b5c2097;4;Италия;Pagani;Zonda;1979;E;Малиновый;АИ-95;АКПП;True
45286609-88cd-464e-8171-b3eba5016658;3;Китай;Bio auto;evA-4;1976;D;Розовато-лавандовый;АИ-92;РКПП;True
40fffe05-b3e3-4bcf-9848-cdf47b6e9fad;6;США;Cord;L-29;1972;D;Сливовый;АИ-92;БКПП;True
220e38df-f51c-49e9-9938-e92462dd78ca;3;Италия;Dallara;Stradale;1983;M;Светло-желтый;АИ-92;АКПП;False
3870a848-ef08-4d8e-afa3-97051ed314fe;3;Китай;Venucia;V-Online;1974;F;Розовато-лавандовый;АИ-92;МКПП;False
ed10d8fd-8c86-4307-95e4-93a9ac5cce53;5;Германия;Wartburg;1.3;2004;M;Темно-красный;АИ-92;БКПП;False
a70be5a2-9f74-4876-81c6-d36eebccf422;6;Германия;Trabant;1.1;1988;S;Светло-розовый;D;РКПП;False
842715f2-2efe-45e7-b904-4914f252c38a;4;Китай;Dadi;City Leading;1988;F;Светло-зеленый;АИ-92;АКПП;False
41c2bc9a-f706-4eee-bab5-3e52b802a4d2;2;Китай;ZX;Landmark;1992;C;Светло-серый;АИ-92;МКПП;True
a5f1dad0-975f-49db-953f-8c4c8b4f3009;2;Великобритания;Austin Healey;3000;1974;j;Светло-розовый;АИ-95;БКПП;False
afd888e2-b053-4467-adbe-fe828209bc45;3;США;Panoz;Esperante;2010;j;Тусклый серый;D;АКПП;True
87598c36-3133-492c-9e35-1b30e8512ab8;4;Китай;Weltmeister;EX5;1982;M;Слоновая кость;АИ-95;МКПП;False
5926ed8c-eff5-407b-91dd-2cc90b962666;0;США;Panoz;Esperante;2012;C;Индиго;АИ-92;РКПП;False
42b68a01-57ac-4796-83d6-b4689d314344;1;Россия;АТОМ;01;1998;E;Лазурный;АИ-95;МКПП;False
3130a4fa-73bd-44e5-9059-b7e66cae01f7;3;Китай;Jetta;VS5;1985;M;Индиго;АИ-95;МКПП;False
bda01b73-4c78-47ed-81cc-d232a6fc119d;4;Франция;Bugatti;Type 55;2006;S;Темно-красный;АИ-95;МКПП;False
0ce86c65-e231-4d4b-8789-6303db4ba63b;2;Япония;Lexus;HS;2013;B;Индиго;АИ-95;БКПП;False
2182c73a-9966-4721-96d1-9958ee0f9423;5;Россия;ЗиС;110;1993;C;Розовый;АИ-92;БКПП;True
0b076770-34d3-42be-9750-491314182bab;0;Китай;Haval;Xiaolong Max;1976;M;Светло-желтый;D;БКПП;True
ce8e2e03-3ec2-4163-a775-2822e1bd97be;0;США;Mercury;Marquis;1995;C;Коралловый;D;РКПП;True
d5a19610-66f6-4f15-b1ce-7326a48c85c0;3;Франция;Facel Vega;FV;2022;E;Черный;АИ-92;РКПП;False
8ba85427-47e9-4ae2-bae0-af5a45a99c3a;2;Италия;Lancia;Hyena;2001;S;Синий;АИ-95;РКПП;True
d811697b-389b-4e0d-83a2-9be3fe600da5;1;Китай;VGV;U70;1984;A;Светло-синий;АИ-95;АКПП;False
ada6e960-0c99-484a-8f85-90f1f34ad53a;5;США;Cadillac;CT6;2003;C;Красный;АИ-92;МКПП;False
08de056c-a3bc-4d66-a6af-5edd11fdadfc;6;Китай;ZX;Grand Tiger;2020;M;Черный;АИ-92;БКПП;False
92bfcf43-4a46-4de3-9670-f2db93996d74;1;США;Callaway;C12;2003;E;Индиго;D;МКПП;True
63ae18f8-c9de-4b8b-bfa1-77cdf3133275;4;Китай;Liebao Motor;Leopard;2005;D;Светло-желтый;АИ-95;МКПП;True
7a044732-19fc-43a5-8d35-5cc88164a2b2;4;США;Jeep;Renegade;1976;A;Светло-зеленый;D;БКПП;False
5fb1d5f6-d167-42cb-b37b-64509f3dee29;2;Великобритания;Zenos;E10;1970;C;Светло-желтый;D;БКПП;False
942146aa-7916-4423-9d4b-acb958239346;5;Россия;Bilenkin;Vintage;2020;M;Синий;АИ-95;БКПП;True
2d4dbb57-9b8b-40d0-bf9c-d6a40680c081;3;Германия;Borgward;2000;1982;C;Коричневый;АИ-95;РКПП;False
c89889c6-219e-45f6-9efe-432b5f72536a;2;Италия;Dallara;Stradale;2021;S;Бледно-Бирюзовый;D;БКПП;False
cb07c0ff-8078-48c0-9bf3-36d27c0908e4;2;Китай;Blaval;FH-EQ;1990;E;Белый;D;МКПП;True
3379330e-1485-45a5-8863-c4f7b93294f8;4;Россия;Aurus;Komendant;1986;S;Зеленый;D;РКПП;True
6ad530ea-eda0-4902-bfc9-c13e78e958db;6;Китай;XiaoPaoChe (SSC);SC-01;2013;C;Темно-красный;АИ-95;РКПП;True
aea4328d-c05d-4d81-a37b-97637ec7c1ee;1;Италия;Fiat;Egea;2002;D;Желтый;АИ-95;АКПП;False
f5051dab-e73a-4841-bc71-3212f074a553;4;Россия;ИЖ;Москвич-412;1975;B;Коралловый;АИ-95;АКПП;False
1c481ea9-6e91-45ad-975e-8c4b8dd203c8;4;США;Sears;Model J;2006;j;Темно-бирюзовый;D;АКПП;False
659d7629-e771-492e-b789-1745ce4f6121;5;Франция;Matra;Murena;2010;A;Темно-оранжевый;D;МКПП;False
daa4b274-0f40-44ce-96d2-5dbde1f0ac8a;6;Испания;SEAT;Toledo;2004;M;Сине-фиолетовый;D;БКПП;False
ae3af638-c9ac-4b52-98fa-083f72d4915b;5;Великобритания;Carbodies;FX4;2007;D;Лазурный;D;МКПП;False
c944dae3-aaab-43f6-bcfd-215c8fc9b1b3;0;США;Oldsmobile;Firenza;1975;C;Светло-серый;АИ-95;АКПП;False
6a726b61-8259-4840-97bc-46cf067c7ed9;6;США;Studebaker;Golden Hawk;1974;A;Малиновый;АИ-95;РКПП;True
434de1ac-b034-4e47-b1c2-7bd023487683;5;Китай;Blaval;FH-EQ;2016;B;Черный;АИ-95;МКПП;False
1ab8ea2a-c6a5-41d3-a14b-08b69c75375d;0;Китай;Jetour;X70 PLUS;1975;S;Коралловый;АИ-92;РКПП;True
c618cb36-e545-4c4b-a666-1fe7fe992492;3;Китай;Avatr;11;2005;j;Темно-голубой;D;МКПП;True
093ad6d0-2a01-46d5-8945-f214578a5d59;3;Россия;Ё-мобиль;Ё-Кроссовер;2010;B;Темный хаки;АИ-92;АКПП;False
9190cdf8-ccef-4885-ab86-0f139b8f25c9;3;Россия;Автокам;3101;1981;S;Светло-голубой;D;АКПП;False
028c1d7d-7e36-4fea-8723-d2c55897e4e1;4;Италия;Bertone;Freeclimber;2000;M;Индиго;АИ-95;АКПП;False
ba7b33e4-e98f-410b-8ddd-822957560f4e;4;США;Geo;Storm;2014;C;Красный;АИ-92;АКПП;False
c3c5c36b-7374-462f-af6d-2486ecaccb31;5;Южная Корея;Daewoo;Lanos;1987;S;Серебряный;D;АКПП;True
d0b03e23-d4db-4ada-a99d-d2781072a6e3;2;Южная Корея;Asia;Topic;1973;S;Коралловый;АИ-92;АКПП;True
94f26d79-62f9-410e-8948-d82352511153;3;Китай;Gonow;Troy;1975;S;Темно-фиолетовый;АИ-92;РКПП;False
c13ce5ba-6de9-42a0-b5ff-705bfe6b8a8a;2;Германия;Mercedes-Benz;SLR McLaren;1985;B;Сливовый;АИ-95;МКПП;True
b2701946-4379-4acb-ad8c-42ffcc409cb4;3;Китай;Lynk & Co;02;2021;D;Синий;АИ-95;РКПП;False
15ac78bd-bc51-4f89-8a14-7853608794ad;6;Китай;DongFeng;H30 Cross;2007;D;Темно-красный;АИ-92;БКПП;False
bd1c5614-966b-4c86-ac83-7a6df7ea9c6d;4;Китай;Leapmotor;C11;2016;D;Светло-розовый;АИ-92;БКПП;True
2a831c17-59ca-4a2e-a6cf-6142f9434d84;5;Китай;Fuqi;6500 (Land King);2002;E;Ярко-розовый;АИ-92;АКПП;True
8bca3b60-32dc-4d77-93be-7d129e549e25;5;США;Buick;GL6;1992;A;Золотой;АИ-95;АКПП;False
50f1de43-298f-487c-8bfc-3bbae6e1d5b2;3;Великобритания;Ronart;Lightning;2000;A;Коралловый;АИ-92;АКПП;True
b138c921-4a3a-4d18-949c-28c2deecddbf;5;Китай;Xpeng;G9;2014;E;Желто-зеленый;D;МКПП;True
3c82e55c-2858-4f6f-8b46-d25720e9db64;3;Германия;Goggomobil;T;2007;D;Светло-зеленый;АИ-92;АКПП;True
9cb16373-aef9-49e9-adee-730c017e89cb;0;Германия;Isdera;Commendatore 112i;1999;j;Темно-розовый;D;МКПП;True
3b37d9ad-c845-4e91-b3d6-6d23bab4378a;1;Китай;Hongqi;E-HS9;1990;E;Желто-зеленый;D;АКПП;True
61fe6bb9-ec3e-4b44-96ff-a1782388b03f;5;США;Batmobile;1989;1998;F;Красный;АИ-92;БКПП;True
1f937fc4-de4d-4959-abc7-3a9b721c1d08;0;Россия;Ё-мобиль;Ё-Кроссовер;1983;C;Васильковый;АИ-95;БКПП;True
1c0b0755-95cb-4454-a0cb-df6158cdec4d;5;Австралия;HSV;Maloo;1983;S;Красный;D;РКПП;False
4b3f28ba-5224-4de2-b065-dfeed3322a9b;0;Китай;Haval;F7x;2006;E;Цвет морской волны;АИ-95;БКПП;True
76fc0b89-fa02-489b-b432-b80e66271eda;0;Италия;Maserati;3200 GT;1972;M;Темно-зеленый;D;МКПП;False
288b1914-e9d0-4e28-a6fc-2a907476327c;1;Китай;Haval;M6;2001;C;Светло-зеленый;D;РКПП;True
40840195-e6ab-4ecd-8ff7-d0e00bb33bf9;6;США;Jeep;Commander;2001;F;Индиго;D;АКПП;False
799553a3-4cb6-4d77-b0af-a9ed0e5e5409;3;Китай;Dadi;Shuttle;1974;A;Розовато-лавандовый;АИ-92;АКПП;False
70da125c-4a13-4d85-985a-54f3c5c735f4;4;Россия;Комбат;Т98;1976;M;Темно-фиолетовый;D;МКПП;True
fe4dfe8d-8d7e-4369-9c88-8bb5f192397e;4;Китай;BYD;L3;2011;M;Бирюзовый;D;РКПП;True
671e7a0b-ae03-46ef-a66b-24798ef5b1ff;0;Россия;Спортивные авто и Реплики;Хот-род и Кастом;2010;j;Аквамарин;АИ-95;РКПП;True
0be46fba-586e-40af-91f0-37079fe4482e;2;США;Rezvani;Beast;1994;D;Темно-розовый;АИ-95;БКПП;False
61edc903-9982-476a-9d45-3d9223a1ace4;2;Китай;Jetour;Dashing;1976;A;Синий;АИ-92;РКПП;True
eb71e184-114a-430a-beda-79f224c99f22;6;Великобритания;Rover;200;1970;j;Сливовый;АИ-95;БКПП;False
d8dbe85b-2029-41bb-ac33-a4a811fa9c25;6;США;Buick;Envista;1991;B;Желто-зеленый;АИ-95;МКПП;False
669db2dd-1f12-4570-a3e0-e6d5f2922aad;5;Россия;Комбат;Т98;1983;F;Каштановый;D;РКПП;False
35ccf41c-3fb3-4f02-b88b-a71bb9b4659a;5;Россия;ИЖ;27175;1999;B;Красный;АИ-95;МКПП;True
f1631bc2-1c69-4e2e-8c1d-a9f7f3c6ad5f;0;Китай;Hawtai;Boliger;2022;M;Бледно-зеленый;D;БКПП;False
83473582-8d00-4a24-8d53-ac50dbb8b079;0;Франция;Citroen;AX;2011;C;Бирюзовый;D;АКПП;True
c7657c77-76b1-4f51-9e7e-192229390f24;2;Германия;Alpina;D5;1972;F;Индиго;D;АКПП;True
dfa159ed-fa00-494d-9e4d-e64d665e72b1;2;Тайвань;Luxgen;Luxgen7 SUV;2014;j;Бледно-зеленый;АИ-95;МКПП;False
f3b2676e-3c36-4d7a-b5ed-4ee26791511b;0;Китай;Enoreve;ME5;1987;F;Темно-бирюзовый;АИ-95;МКПП;True
bb90b87e-be7f-4f50-addd-1406731880ef;4;Малайзия;Bufori;La Joya;2013;C;Темно-розовый;D;РКПП;False
50d1c1b4-9b87-40cd-9c61-d708a16e0bcf;6;Дания;Zenvo;TSR-S;1991;D;Пурпурный;D;БКПП;False
9b9e4103-e803-474b-bf72-deac28e8020a;6;Германия;Trabant;600;2011;E;Светло-розовый;АИ-95;РКПП;True
cda64d04-c0b0-4fe7-9234-f34f5a0f586a;0;Иран;Iran Khodro;Tara;2011;M;Цвет морской волны;АИ-92;БКПП;True
cc442ef8-6528-42f9-8257-9ec67aafa3a2;4;Япония;Mazda;2;2014;M;Шоколадный;D;АКПП;False
b1bb035d-e857-4a27-aa95-14940328ca92;3;Франция;Facel Vega;FV;1983;A;Темно-оранжевый;АИ-95;БКПП;True
d41bc5fb-bf63-4563-90be-a1f7cec2a66c;1;Украина;ЛуАЗ;967;2009;j;Розовато-лавандовый;АИ-95;БКПП;False
9e3f27b7-e0e8-4024-98c3-148f89539427;6;США;Deco Rides;Zephyr;2017;S;Оранжевый;АИ-92;БКПП;True
90e1322b-49ea-4b55-b009-1d333aa6d6fb;5;Россия;LADA (ВАЗ);Priora;2012;C;Светло-голубой;АИ-95;БКПП;True
e7d2eba5-7eb6-4738-a5ad-373c04af9ea9;2;Швеция;Volvo;XC90;1991;D;Бирюзовый;АИ-95;МКПП;True
27e686d8-7049-4af7-8cda-9594e3beab8a;3;Тайвань;Yulon;Feeling;2012;j;Фуксия;D;РКПП;False
88d67240-0c1c-4ea0-b212-f042c131495d;6;США;Rezvani;Beast;1980;E;Каштановый;АИ-95;РКПП;True
6644972f-363b-4b4e-865e-07c825b86759;6;США;Chrysler;Neon;1990;C;Темно-зеленый;D;АКПП;False
6d60144d-8a46-469a-888f-0daf3abe83d8;0;Китай;Gonow;Troy;1987;C;Фиолетовый;АИ-95;БКПП;False
64249504-68ad-48ea-8811-470a022500dd;4;Китай;Rising Auto;F7;2009;j;Темно-зеленый;D;РКПП;False
b5a5372a-1ed8-4913-ac89-a816755e7e57;0;США;Hummer;H2;2001;S;Фуксия;АИ-95;АКПП;False
48d21f57-531c-4b53-89b0-d69be9fff01b;0;Австралия;Holden;Commodore;1978;D;Темно-красный;АИ-92;АКПП;False
ecd3fec8-9ba2-4848-b844-fa2a8eaafec8;4;Швейцария;Minelli;TF 1800;2015;E;Красный;АИ-95;АКПП;True
59073e97-caf4-4000-8cc5-945bc2c91609;2;Великобритания;Zenos;E10;2004;S;Темно-розовый;АИ-95;РКПП;False
b0961ffb-9d3c-482a-ac0b-35782dbba1ee;5;Малайзия;Bufori;Geneva;1994;B;Васильковый;D;МКПП;False
f2d37636-b800-4c8b-b7ab-efd9dfcbfc71;2;Китай;Lifan;650 EV;2006;j;Темно-голубой;АИ-95;АКПП;True
a76860d6-1820-47fd-bfd8-8ed123d42659;4;Великобритания;Jaguar;F-Type;1991;C;Бежевый;АИ-95;МКПП;True
5a7ff971-56d4-4c4e-bd52-af02f313b9a2;0;США;Overland;Roadster;1984;F;Красный;D;МКПП;False
03b95fcf-b3cd-4072-a441-2718eedf1c17;2;США;Ford;Bronco Sport;2002;j;Цвет морской волны;D;АКПП;True
d769f580-90f9-4b3e-8326-24e0d86ce95c;3;Италия;Qvale;Mangusta;2002;F;Оранжевый;АИ-92;РКПП;False
90c85f49-0dbf-4bf6-8051-0df34805fb17;3;Россия;Marussia;B2;1978;C;Светло-синий;D;АКПП;False
05f503f5-402f-4887-9ffc-43445ca044a6;1;Китай;Liebao Motor;Leopard;1976;E;Коралловый;АИ-92;АКПП;True
a619b3dc-2daf-48e9-8085-a4af64330667;4;Китай;Liebao Motor;Leopard;2023;D;Малиновый;D;РКПП;False
7eb6b3ef-a42a-4067-86c9-b1968bb2c63c;2;Китай;Zotye;SR9;2000;C;Аквамарин;D;РКПП;True
2b536eac-289e-480a-978c-bb95fe87ac94;2;Китай;Jaecoo;J7;2022;S;Темно-розовый;D;РКПП;False
68230346-1412-4702-a233-eff2282e7a6c;2;Китай;Radar;RD6;1977;M;Светло-голубой;АИ-92;МКПП;True
91844ab1-9444-4e3a-8387-a38fc95d688d;6;Китай;Jinbei;Haise;1990;E;Малиновый;D;БКПП;True
b4aa2809-64b3-49d7-a9dc-153b5a53eb77;6;США;Eagle;Summit;1984;j;Серебряный;АИ-92;РКПП;False
897fd268-3411-445d-81b8-b4e5457748da;0;Великобритания;AC;Aceca;1998;E;Бежевый;D;БКПП;True
9d629056-bb94-4ea4-9b7d-ca2dab5741a0;0;Польша;FSO;Polonez;1970;M;Темно-серый;D;РКПП;False
5732431f-76f7-4b91-bd06-da164fa3f8ac;6;Япония;Isuzu;TF (Pickup);1989;S;Темно-красный;АИ-92;РКПП;False
f5c4176e-0269-4b4b-95dd-d66621f47e53;3;Германия;Hanomag;Typ 13;1974;C;Ярко-розовый;D;БКПП;True
751c14ce-1835-488d-8f17-7e491cd39ace;3;Великобритания;McLaren;750S;2020;D;Темно-зеленый;АИ-92;АКПП;False
75735d57-45ce-4714-b7f1-e4fb0dbaecc9;6;Китай;Soueast;DX8S;2002;C;Темно-фиолетовый;АИ-92;РКПП;False
ec30386a-ff5f-41f9-a927-1c228e2398c3;4;Китай;Blaval;FH-EQ;2015;E;Темно-фиолетовый;АИ-95;АКПП;False
2731339c-48df-45f6-ba96-10b45ee74769;5;Китай;Dayun;Yuanzhi M1;1986;j;Цвет морской волны;АИ-92;РКПП;True
a46ca389-b59e-4760-b1ec-f437767ead55;3;Германия;Maybach;62;1986;A;Серебряный;АИ-95;РКПП;True
c1fccad2-7e16-4045-9e6f-59280a558dbf;0;США;Callaway;C12;2020;S;Сине-фиолетовый;АИ-92;АКПП;True
75d9f2da-a725-4b24-9953-b495ffc7d689;2;Китай;Dadi;City Leading;2023;C;Слоновая кость;АИ-95;АКПП;False
820d5f61-3fdf-435a-92b4-7e2c63e18d17;6;Великобритания;McLaren;765LT;2014;M;Синий;АИ-95;РКПП;True
262ce92b-9e8c-4658-8163-f04d66dfba0f;1;США;Scion;xD;2019;C;Хаки;D;РКПП;False
646f0bbb-714b-4db3-8bb6-31c51c89766a;5;США;Auburn;Speedster;1988;E;Розовый;АИ-95;БКПП;True
74f9e7e6-6ae4-49d0-995a-07a96a091150;4;Южная Корея;Hyundai;Terracan;1974;C;Темно-бирюзовый;D;АКПП;False
58bf7079-0c75-4bb3-b29c-56949755ac31;6;Германия;Hanomag;Rekord;1995;E;Светло-розовый;АИ-92;АКПП;False
7f6db3d8-3880-498f-a239-4d0f9860438b;0;Великобритания;Carbodies;FX4;1997;F;Светло-розовый;D;МКПП;True
45f96043-19f8-4f40-a3f4-e4a90b26aded;3;Китай;Hafei;Minyi;1989;B;Розовато-лавандовый;АИ-92;АКПП;True
1303b28f-362b-4e8e-adee-fbfaba8c47ac;3;Китай;ORA;SAR (Saloon) Mecha Dragon;1975;j;Светло-серый;АИ-92;БКПП;False
3c64abeb-eb97-4ed1-a298-7c23784bdddb;2;Япония;Daihatsu;Thor;1992;A;Оранжевый;АИ-95;АКПП;True
5033e47e-9368-4aca-9607-63874f83b753;4;Испания;SEAT;Fura;2016;A;Розовато-лавандовый;АИ-92;БКПП;True
dd04235a-f2aa-4915-99d8-421435c12e19;0;Япония;Daihatsu;Cuore;1973;S;Желтый;АИ-92;МКПП;False
4bfff2d7-39e0-44ce-84ac-eda145a19c4a;0;Россия;LADA (ВАЗ);2102;1995;E;Цвет морской волны;АИ-92;МКПП;True
1f509c34-2fac-44b4-abee-481d4f53b639;4;Великобритания;Spectre;R42;1994;F;Темно-красный;D;МКПП;False
97c0cfcc-752f-45ab-8cf1-582f241ffdcf;4;Франция;Citroen;C4 Aircross;2014;j;Фуксия;D;РКПП;True
50e648f6-a770-4c2b-9d5a-1930cb2ac00f;2;Чехия;Gordon;Roadster;2008;D;Черный;АИ-95;МКПП;False
2b60d2a7-62dd-4ea3-afae-dc5180f2bbe7;2;Великобритания;Metrocab;Metrocab II (TTT);2011;M;Фиолетовый;D;АКПП;True
117c1592-d411-40d0-9f12-c6933a33c83d;4;Великобритания;Rolls-Royce;Silver Wraith;2003;M;Зеленый;АИ-92;БКПП;False
f6a792b2-b4ab-4a63-b6de-c4305bd75cf3;1;Германия;Wanderer;W50;2021;j;Хаки;АИ-95;РКПП;False
1b5035b6-98d1-4839-a1e2-6ab40f862b1c;6;США;Saturn;Relay;1974;B;Темно-голубой;АИ-92;РКПП;True
3878a289-8d8b-4fb8-a4e3-195a6d63024a;5;Китай;Landwind;Х9;2015;B;Светло-синий;АИ-92;БКПП;True
fd8c3cbc-abc0-4aeb-be9b-b190d8860bbb;1;Великобритания;MINI;Roadster;1989;M;Индиго;АИ-92;БКПП;True
78a33745-0389-4fdb-a543-71dcb19234dd;6;Китай;Soueast;DX8S;2004;C;Темно-розовый;АИ-95;БКПП;False
b8846d63-a00d-4ae3-9a0a-40f7a123cbb1;0;США;Cord;L-29;2006;M;Темно-красный;АИ-92;МКПП;False
539e7085-1f8a-4239-a1bb-d508223b0416;5;США;Studebaker;Golden Hawk;1996;j;Светло-желтый;D;АКПП;False
fbceba98-7980-4b10-9a71-1964cd9cee11;0;США;DeLorean;DMC-12;2016;D;Оранжево-красный;D;БКПП;False
01f5d139-17ea-4709-842d-9d43171344f9;2;Индия;Mahindra;Thar;2020;C;Темно-розовый;D;РКПП;False
dcc1024a-7f84-40fa-82bc-39ebf44b8693;6;Китай;Blaval;FH-EQ;1991;A;Сине-фиолетовый;АИ-92;БКПП;False
bcba86b0-0824-4e7f-8d97-c25183b3dab3;3;Украина;ЗАЗ;Forza;2021;D;Розовый;D;БКПП;True
dc79d6bd-5d1f-4e5a-8b39-f3276b7bc442;5;США;Panoz;Esperante;2013;E;Зеленый;АИ-92;РКПП;False
df7f6072-f198-4ca9-b912-7aa6213cd39c;2;Великобритания;Austin;Maestro;2007;F;Черный;D;МКПП;True
984318f7-c1a4-4506-8548-07739a13f104;6;Китай;Rising Auto;R7;2014;C;Сливовый;АИ-92;РКПП;True
16524adc-d814-4479-a11f-7c4ae2986be8;1;Япония;Honda;Capa;1991;A;Темно-бирюзовый;D;АКПП;False
89abaa84-e2d5-4425-9422-9119947fd20b;2;США;Eagle;Premier;1992;A;Коричневый;АИ-95;РКПП;True
801772c3-5fa5-49b1-a703-c626c24fbb13;3;США;RAM;Rampage;2011;j;Белый;АИ-95;МКПП;False
c329388f-ad36-4034-b9ce-b0d2041d5f8f;5;Россия;Руссо-Балт;С24;2017;S;Коричневый;АИ-95;РКПП;False
f09b63ae-5be5-44d8-bfc9-02c5b28ad3b1;4;Великобритания;Austin;Allegro;1970;j;Темный хаки;АИ-95;БКПП;True
68834aa6-c1c4-44f3-9912-54c20e5ab76f;5;Южная Корея;Daewoo;Korando;2016;E;Шоколадный;АИ-92;РКПП;False
4c28b521-a521-4398-81c0-ca488c4d3b62;5;Германия;Adler;Trumpf Junior;2009;C;Темно-серый;АИ-95;БКПП;True
7832e4d6-0aae-46cc-a96b-268ec4818529;6;Румыния;Aro;24;1998;E;Розовато-лавандовый;D;АКПП;False
de168462-280c-41c6-b299-f504bbd34885;6;Великобритания;Morris;Marina;2010;E;Индиго;D;АКПП;True
5731f7cc-8bdb-4800-88b7-a18fb0ef1ca8;3;Китай;Jinbei;Haise;1993;C;Темно-голубой;АИ-95;РКПП;True
b4728278-fe50-4ebd-b6ab-e0a599a12a37;1;Китай;SWM;G05;2004;B;Розовато-лавандовый;АИ-95;БКПП;True
f55eeaed-cb3a-41cf-a126-7569667da396;2;Великобритания;Caterham;Seven;1972;B;Индиго;АИ-95;РКПП;False
f5fa5369-02fc-4be0-9c4f-69d759eba9aa;3;Япония;Isuzu;KB;1971;C;Каштановый;D;МКПП;True
a78bf198-81be-4dcc-94ea-8df8fe93c406;4;Россия;Автокам;2160;1984;j;Розовый;АИ-92;РКПП;False
d94adc44-c287-4212-b179-158759e3d3ea;3;Китай;Hongqi;L5;1981;A;Желто-зеленый;АИ-95;МКПП;False
6b1c27ec-f171-424b-a125-e1b37321cc26;0;Италия;Ferrari;328;1982;D;Зеленый;D;БКПП;True
76d8a5e1-0e53-481b-8916-b22c28f488e5;4;Китай;BAIC;Jeep 2500;1984;S;Пурпурный;АИ-92;БКПП;False
4921793b-c085-4d50-801c-017d32e1b6d3;1;США;Panoz;Roadster;1990;B;Темно-бирюзовый;D;БКПП;False
a125c846-cc2e-4935-849a-a5695c2976d7;5;Китай;Livan;X3 Pro;2012;A;Темно-синий;АИ-95;МКПП;False
7db878cd-f8ac-46a8-9259-bb861cf50b51;2;Китай;Aiways;U6;2004;C;Серебряный;АИ-95;АКПП;False
689ccc89-a7f3-4ff4-b09c-884b9ef629ab;0;США;Nash;Ambassador;2002;C;Аквамарин;D;РКПП;True
8f012d5f-c929-4342-9539-7c6c24ae8cf0;4;Китай;Hongqi;HS7;1984;B;Темно-серый;D;АКПП;True
e3945fc5-aec8-4218-8f1d-32dacb1018e0;3;Великобритания;Morgan;AeroMax;2006;E;Темный хаки;АИ-92;АКПП;True
add9e5da-e7c3-43d3-a1db-72b1643d4ccc;5;Китай;Seres;SF5;1988;B;Серебряный;D;БКПП;False
19f2b511-3b0a-4a4d-93b8-f33c67f2ff6c;5;Франция;Citroen;C5 Aircross;2018;F;Черный;АИ-92;МКПП;False
ac8717c4-224e-4ae9-95c5-283b62388a96;3;Япония;Daihatsu;Terios;1994;B;Розовато-лавандовый;D;БКПП;True
55f72e61-9058-4bac-b3e0-56f2d2135a7e;1;Беларусь;Belgee;X50;1993;F;Бежевый;D;БКПП;True
e09fbb1e-6b53-4d9a-8c76-45f2d5023581;0;Великобритания;Daimler;SP250;1976;C;Серый;D;БКПП;False
69e333f6-4f71-4460-a4f0-d2ee56b82391;3;Китай;KYC;F3;1983;M;Розовато-лавандовый;АИ-92;АКПП;True
532ead26-cc03-49d7-9945-dfa6f1e9f6bc;3;Китай;Rox;Stone 01;2020;F;Слоновая кость;АИ-95;РКПП;True
1f1d6a18-3830-466b-89be-023beb304a7e;0;Китай;GAC Aion;S;1972;S;Светло-желтый;АИ-92;БКПП;False
9a42bd96-0a7b-48cc-9a98-b02b1cd24cab;4;Великобритания;Aston Martin;Virage;2003;B;Античный Белый;АИ-95;АКПП;False
655c8bd0-907f-4c42-b6da-91ea9ed811aa;0;Южная Корея;KG Mobility;Korando;2006;F;Зеленый;АИ-95;МКПП;False
c5ef0810-a60e-4298-98a1-640e70ad382e;1;Китай;Changhe;Ideal;1998;j;Античный Белый;АИ-92;МКПП;False
d636f12f-ff92-4151-b37a-e816f98cf2b1;2;Великобритания;GP;Madison;2001;E;Светло-розовый;АИ-92;АКПП;False
71c59cbf-efe3-4e64-b0c1-8a72e37d003d;3;Италия;Autobianchi;A 112;1983;j;Темно-красный;D;МКПП;True
4d0ba70d-d60b-42d4-9d39-37c8cea5badf;4;Япония;Infiniti;QX70;1996;F;Слоновая кость;АИ-92;МКПП;True
1fc20b84-cd75-4b04-8c85-45efef65e60d;0;Швейцария;Rinspeed;Chopster;1990;F;Сине-фиолетовый;D;РКПП;False
1e973ad5-8a9a-47db-a3e1-1a92232cb272;0;Китай;HuangHai;Plutus;2001;D;Слоновая кость;АИ-92;БКПП;False
2dcf8c91-c111-4b79-b43f-63f4ccd7491a;4;Германия;Heinkel;Typ 154;2021;A;Слоновая кость;АИ-95;РКПП;True
cc70708c-8e46-4ff0-9f86-f6b762f15330;6;Китай;JMC;Vigus;2022;B;Светло-зеленый;АИ-92;МКПП;True
ce314dfe-fbb0-4b85-80d2-b3e54ec7e134;6;Китай;KYC;F3;1992;M;Темно-зеленый;D;АКПП;True
9a09398f-d194-4847-8b94-b6290502ec71;6;Италия;Maserati;Kyalami;1973;S;Сливовый;D;БКПП;False
9cb263c3-7e13-4ad5-9927-b2d0258de889;1;Китай;Hafei;Sigma;2001;E;Зеленый;АИ-95;БКПП;False
433e8ceb-43ee-4b30-a360-d6cd4bba4524;1;Китай;HiPhi;X;1971;F;Желтый;D;МКПП;True
aed4d329-2edb-4318-abb0-33468fb48619;4;Китай;ZX;Grand Tiger;2004;D;Розовато-лавандовый;АИ-92;БКПП;True
de1130b5-8075-4ac2-967d-9fc0de212f43;5;США;GMC;Terrain;1978;E;Светло-желтый;АИ-95;АКПП;True
0a523489-a6e4-4bbe-ba2a-95672825e703;3;Мексика;VUHL;05;2008;E;Темно-красный;АИ-92;БКПП;False
c8217f97-6cdb-4bc1-8f5e-18331f929bb8;2;Китай;Qiyuan;A07;2017;A;Индиго;АИ-95;РКПП;False
2964509c-5620-4c0e-9327-422d50852450;3;США;Overland;Roadster;1980;C;Светло-синий;D;БКПП;False
e172f60b-28e9-4feb-9967-cd45ac318adb;5;Великобритания;Austin;Ambassador;1995;C;Каштановый;АИ-92;АКПП;True
20037212-0f87-46f9-84c4-e43c8b34eeeb;3;Великобритания;Land Rover;Range Rover Velar;2021;B;Темно-розовый;АИ-95;АКПП;False
e7b4d2f1-c0b5-47ea-94ca-6b9312df23d0;1;Китай;Hongqi;H6;1996;S;Светло-серый;D;МКПП;False
faee817c-2059-4102-a439-83e6ffc94c52;2;Россия;ИЖ;21261 «Фабула»;1984;j;Фиолетовый;D;БКПП;False
fd8880c5-0a7e-45b8-9bc6-ef308f6a162c;2;Китай;Arcfox;Alpha S;1979;S;Хаки;АИ-95;РКПП;True
38be19b4-3fc4-445c-9b10-4c0ee89e672e;3;Китай;Xin Kai;Pickup X3;2017;E;Светло-розовый;АИ-92;РКПП;True
aea1987b-8aaa-4e2a-a16a-54c99531ec5d;2;Испания;Cupra;Ateca;1972;A;Темно-бирюзовый;АИ-92;АКПП;True
bb7ccafe-9a56-4807-af15-83ad364d30af;6;Италия;Lamborghini;Murcielago;2021;E;Светло-синий;АИ-95;БКПП;False
95397ec6-a3e8-480c-ba11-160867780805;6;США;Saturn;Relay;1981;A;Малиновый;АИ-92;АКПП;True
45f7ec80-5c7f-47a0-8a14-85959aef66fe;5;Великобритания;Daimler;XJ40;2015;F;Коралловый;АИ-95;МКПП;False
54f4722d-1636-4866-a943-c0d91bf6f91c;5;Великобритания;Noble;M15;2001;j;Золотой;D;БКПП;False
77dfb4d7-8042-4a14-8040-766be2717150;6;США;Panoz;Esperante;1972;C;Коричневый;АИ-92;БКПП;True
3a8ca7a5-560b-42ed-a451-2e2585dd0a48;0;Великобритания;Jaguar;Mark IX;2000;S;Бирюзовый;АИ-95;АКПП;False
d88e2225-3aa1-442f-86ff-e5c682158e48;6;Китай;OMODA;S5;1975;j;Слоновая кость;АИ-95;АКПП;True
b0b43eb7-1b1f-45f0-976d-ce58e1bf8b7b;4;США;Panoz;Esperante;2001;C;Светло-желтый;АИ-92;РКПП;False
13caddbc-ab0d-4c21-b26e-4d9bfb69c40c;0;Китай;Bio auto;evA-4;2008;B;Античный Белый;АИ-92;РКПП;True
268695af-d3e3-4c10-8aee-c940511e3289;2;США;Fisker;Karma;1974;F;Желтый;D;РКПП;False
89b54922-685d-463b-a52e-9f7d94f8dce6;6;Швеция;Volvo;120 Series;1979;j;Золотой;АИ-92;МКПП;False
4b48551f-8d8c-46e2-8057-2224f9944220;3;США;International;Travelall;1988;M;Бледно-Бирюзовый;D;АКПП;True
9952d5eb-daa8-42df-8132-0f89823c9618;5;Россия;Marussia;B1;2015;B;Бледно-Бирюзовый;D;АКПП;True
35fe30c4-f790-4f91-88d6-51ec43b54613;4;США;Overland;Roadster;1981;A;Коралловый;АИ-95;АКПП;True
78534e4d-0cb7-41e3-b9d2-d82104dbd9b1;0;Великобритания;Morris;Eight;2001;C;Белый;АИ-95;БКПП;True
82760aab-285b-4007-875d-717f8c470574;3;США;Callaway;C12;1987;j;Желтый;АИ-92;РКПП;True
b14011b4-7ec2-49bf-a8a7-11af3a06cf49;2;Швеция;Koenigsegg;Regera;1983;A;Желтый;АИ-92;МКПП;True
5ed41045-3d30-4cc4-bccd-5846a24ff6e8;1;Китай;Jetta;VS5;1985;j;Оранжево-красный;АИ-95;РКПП;True
4851a3f5-3ba2-47c5-8676-77b4ae052166;2;Китай;Geely;Binrui Cool;1978;C;Синий;АИ-92;МКПП;True
34ab95f2-0d3c-4911-9a23-f787c26b8eee;5;США;RAM;1500;2012;E;Бледно-Бирюзовый;АИ-95;РКПП;True
ad187130-3ef9-4397-a33f-03be9defb665;4;Германия;Alpina;B5;1978;j;Темно-голубой;АИ-95;БКПП;False
4dd92126-e6b4-481d-ac88-d12b7a2fa8e2;4;Китай;Gonow;Troy;1973;S;Розовый;D;РКПП;False
6f2fe413-4940-40f6-8497-8573c4ba0610;5;Великобритания;Aston Martin;Rapide;1993;F;Пурпурный;АИ-95;МКПП;False
38e51087-418c-4ae3-9b4a-1a1c00e9e400;6;Германия;Wiesmann;GT;2011;j;Золотой;АИ-95;БКПП;True
74104c22-cf57-4f08-bf7d-0e2e4bd88248;6;Китай;HuangHai;Antelope;2023;E;Светло-голубой;АИ-95;РКПП;False
2198e34d-0d25-459e-a855-5eba943294cd;3;Китай;Geely;LC (Panda);2009;j;Светло-голубой;D;БКПП;False
08315eec-cf0b-4a8c-bc07-964b789458f2;2;Германия;Horch;830;1999;j;Сливовый;АИ-95;БКПП;False
26e207c1-4a0d-4dee-b4de-4f16d55e925c;6;Россия;СМЗ;С-3Д;2000;C;Оранжево-красный;D;БКПП;False
419796d7-4956-446b-9134-9ace8028a336;2;Мексика;VUHL;05;1996;E;Малиновый;D;АКПП;True
4b601e6b-b8df-4707-8355-a85deb460f7e;2;Китай;GAC Aion;LX;2009;j;Ярко-розовый;АИ-92;БКПП;False
beea0f0f-0714-44c0-9d6a-dd0941d46248;4;Великобритания;MG;5;2023;S;Темно-оранжевый;АИ-95;РКПП;True
5cef46f3-dcd2-4809-aabe-18ac26e206f7;2;Китай;Arcfox;Alpha S;2005;j;Темно-зеленый;D;БКПП;True
4353537d-800a-4bd0-b243-4612a7d7f344;3;Италия;Lancia;Fulvia;2003;D;Пурпурный;D;АКПП;True
4e4bec67-e3e8-4a29-bf11-9d682c2eca82;4;Китай;ORA;Lightning Cat;1990;E;Оранжево-красный;АИ-92;АКПП;False
6134328c-51b3-426c-93ed-7e1fc1cbf8ef;3;Германия;Trabant;1.1;1995;M;Цвет морской волны;D;РКПП;False
4de2329e-ad8a-4b5a-bf62-213dcc6f5cbe;3;Китай;Voyah;Dream;1981;F;Светло-голубой;АИ-95;БКПП;True
563c0063-6464-451d-a64d-b53dcf0a21bb;5;Великобритания;Ariel;Atom;2016;B;Коралловый;D;АКПП;True
fe7376bc-b3ee-4209-93e3-a9d884535296;2;Китай;Maxus;Territory;1983;C;Темно-серый;АИ-95;МКПП;True
8653c172-5ce9-4768-bf32-83ed52137895;2;Италия;Fiat;Croma;1982;A;Темно-фиолетовый;АИ-95;БКПП;False
e3c42eea-6b93-49b5-b543-d33af8073449;0;Малайзия;Perodua;Nautica;1981;A;Розовый;D;РКПП;False
78995f27-c84c-4e9a-8d9a-01f163d3552f;3;Япония;Mazda;E-Series;1989;M;Темно-зеленый;АИ-95;БКПП;False
21edccf3-4a19-41cd-9fc1-462c4475c812;5;Узбекистан;Ravon;R2;2017;C;Бирюзовый;АИ-92;АКПП;True
76ec6717-3f3d-4c6d-8abe-c416b866a46f;2;Россия;АТОМ;01;1990;S;Светло-розовый;D;АКПП;False
02438acf-755c-43c9-a9bf-4fe8ecbad443;0;Германия;Wartburg;1.3;1988;D;Малиновый;АИ-92;АКПП;True
d63a9c04-241e-436c-a6c6-ece1e6b7ad49;5;Турция;Tofas;Sahin;2011;D;Темно-голубой;D;БКПП;False
37b2dc90-16d7-46b3-829c-85584c013a6c;3;Китай;Rox;Stone 01;2011;M;Индиго;АИ-92;РКПП;False
c5a2de58-ef1b-48fe-99fc-7e6babfd227d;2;Австралия;HSV;Maloo;2011;E;Зеленый;АИ-95;БКПП;False
6293cb02-bf50-4371-a336-7b88c7772a9a;3;Россия;Marussia;B1;2022;M;Бирюзовый;D;АКПП;True
df397b1a-1690-49ef-ba26-326dccff47e8;2;Китай;Aito;M5;2021;S;Светло-розовый;D;РКПП;False
d1da69c0-6c4e-422c-b722-ae658c5c3bff;1;Россия;Канонир;2317;2002;D;Темно-красный;АИ-95;МКПП;True
c76277f6-4557-4284-bbdb-0bb3844a09d4;0;Китай;GAC Trumpchi;GA6;1980;E;Черный;АИ-95;АКПП;False
17749495-ee20-43e1-9eca-545dc143197f;6;Италия;De Tomaso;Bigua;1984;C;Ярко-розовый;АИ-95;РКПП;False
804a943b-6dab-40ef-810d-17bac43c0677;1;Тайвань;Yulon;Feeling;2002;M;Темно-голубой;D;АКПП;True
37b91fe8-f78a-456a-9e82-d8c2a615fe7f;6;США;AM General;HMMWV (Humvee);1993;A;Тусклый серый;D;РКПП;True
540446f7-08a0-4676-a8b2-84ca66b54490;0;Франция;Simca;1300/1500;2017;S;Темно-розовый;АИ-95;БКПП;False
086b869f-7d0a-427a-9272-86530959eb0c;1;Китай;EXEED;LX;2023;j;Темно-бирюзовый;D;РКПП;True
d760fc15-26ce-4704-b059-b75494dc0b88;4;США;Excalibur;Series V;1993;D;Индиго;АИ-92;БКПП;False
9bcc38f7-2775-498c-b216-ae86ed5fea51;5;США;Oldsmobile;Firenza;1982;j;Светло-желтый;АИ-95;АКПП;True
ce9cc610-8ab5-446f-b9b1-8dea6b54d07c;0;Китай;Jinbei;Haise;1973;D;Цвет морской волны;D;БКПП;False
0911073b-c287-45c9-938c-738c5200beaf;2;США;Overland;Roadster;1984;A;Античный Белый;D;БКПП;True
7ef91000-0cb9-4327-9670-934c987fabc7;0;Китай;GAC Trumpchi;GS4;1981;S;Шоколадный;АИ-92;МКПП;False
f49723f1-586a-4680-950a-07c8caf1a5ee;0;Франция;Bugatti;Divo;1984;B;Светло-голубой;АИ-92;РКПП;True
9fae020c-9cca-48bd-b869-89bd048e97ea;3;Япония;Infiniti;Q40;1994;A;Светло-синий;АИ-95;АКПП;False
1fe6f2ea-cb81-40c0-bc18-0283a5f0b044;3;Китай;Brilliance;M2 (BS4);1971;A;Античный Белый;АИ-95;МКПП;False
4dc2fe79-705c-49ef-bf2d-8c5c77ea58cd;0;Китай;Byvin;BD132J (CoCo);2007;A;Темно-оранжевый;АИ-95;МКПП;False
c05e793e-0ede-4217-93f3-f1fd5210986f;5;Россия;Москвич;2141;2014;D;Розовый;АИ-92;БКПП;False
7826fd6b-7a69-4f09-a922-c0d0014ae6c2;4;Китай;JMC;Vigus Work;2017;F;Коричневый;АИ-92;МКПП;False
5e021a8f-f0ff-48a8-b0ab-3e157c0eae09;2;Китай;Forthing;Lingzhi M5;2002;C;Темный хаки;D;АКПП;False
52d508d6-5842-432e-9a95-51e7404aa90e;0;Малайзия;Perodua;MyVi;2011;M;Темно-серый;АИ-95;БКПП;True
3c14246e-2bb5-4b11-9687-0ea86356f046;6;Франция;Simca;1300/1500;2021;F;Фуксия;АИ-95;МКПП;True
4c89f354-c87b-4083-a908-d364ece48463;2;США;Packard;Six;1981;E;Коричневый;АИ-92;АКПП;True
2aa27f4b-dc29-4253-9577-cf8c9f6c03c4;2;Китай;Jaecoo;J7;1995;j;Серый;АИ-92;РКПП;True
908da644-8a54-4a16-ac41-c7787e996027;6;США;Plymouth;Acclaim;2015;C;Светло-серый;АИ-92;БКПП;True
a97c8209-ab7d-4c13-9048-82bb738d20d9;0;Китай;ShuangHuan;Sceo;1991;C;Шоколадный;D;АКПП;False
403f6900-83d4-44ba-9928-638997b51e99;4;Италия;IVECO;Massif;2004;D;Аквамарин;АИ-95;РКПП;True
ae2ef52c-de08-4493-936b-e11ec7e62646;0;Великобритания;Noble;M600;1973;C;Индиго;D;АКПП;True
9dc90edb-faaa-4c06-8b85-a4f310eac3dd;4;Германия;Auto Union;1000 Sp;2023;D;Слоновая кость;D;АКПП;True
cb4b72db-62de-45bb-9b4e-7e41f214d279;3;Китай;JMEV;GSE/Yi;2009;S;Бирюзовый;АИ-95;БКПП;False
dca320a5-bedc-4be0-9dc7-e662f9e32154;3;Китай;Li Auto;L9;2004;M;Темно-голубой;АИ-92;БКПП;True
c7e1253c-359c-4fc6-baf0-30ef3b511aaf;3;Россия;ИЖ;21261 «Фабула»;1989;D;Желтый;D;АКПП;False
a32f05c8-251d-460f-bda3-31e6d0a6859b;4;Китай;Soueast;DX7;1978;F;Темный хаки;D;МКПП;False
408bf949-a691-4cc0-bfe1-62b24d8cb3b2;0;Объединённые Арабские Эмираты;W Motors;Fenyr Supersport;2023;M;Серебряный;D;АКПП;True
63744283-ab42-475f-8dae-7edc8c619be5;0;Россия;ЗИЛ;117;1976;E;Оранжевый;АИ-95;РКПП;False
b4bb2d03-2b71-448d-a5b6-ba8885196783;3;Румыния;Dacia;Dokker;2008;A;Светло-зеленый;D;БКПП;True
81803de1-1fef-47b9-8845-0837444ff1a5;2;Германия;Alpina;B10;1998;j;Желтый;D;АКПП;True
cc12e171-af23-4432-9d57-152657fe43ac;2;США;Nash;Ambassador;2020;D;Желто-зеленый;АИ-92;АКПП;False
312ac72c-a148-4fcd-b565-21cc7398d6cf;2;Китай;BYD;D1;1991;B;Зеленый;АИ-92;МКПП;True
cba4c656-926f-4012-86db-1617dc2936ed;0;Вьетнам;VinFast;VF6;2014;M;Желтый;D;РКПП;False
b643c0ab-2743-41ff-8a41-f67a70aae650;3;Китай;Changhe;Ideal;2014;C;Коралловый;АИ-92;РКПП;False
ce72cd6e-2207-4a00-abbe-581bca0993b1;5;Россия;Канонир;2317;1996;C;Розовый;D;РКПП;True
7aa87908-4067-4eac-bc05-1464b97bc189;2;Германия;Wiesmann;Roadster;1991;S;Темно-серый;АИ-92;МКПП;False
cc46035c-16bc-42cb-9e0e-3a35b22f3b6f;4;Германия;Heinkel;Typ 154;2021;M;Светло-желтый;АИ-95;МКПП;True
a0288d07-dfb9-4fd5-9612-ad00b9a2ba0d;3;США;Renaissance;Tropica Roadster;1985;j;Красный;АИ-92;БКПП;False
046476dd-ae7c-40ba-80ee-451e8b8ec736;5;Индия;Bajaj;Qute;1981;M;Каштановый;АИ-95;АКПП;False
52926ea8-255a-4e8b-9cad-3113a0c31135;6;Италия;Cizeta;V16t;2010;E;Синий;АИ-95;МКПП;False
634245ec-4179-46d1-a61e-8fab6f1f0b5c;0;Россия;Москвич;Дуэт;2002;C;Васильковый;АИ-92;РКПП;True
f8a9fc6c-1d95-4f58-80dd-be4915d36767;0;США;Pierce-Arrow;Twelve;1997;F;Коралловый;АИ-92;БКПП;False
03ed0431-8dba-4eb5-9849-2e31adef01bb;3;США;AM General;HMMWV (Humvee);2019;D;Темно-серый;АИ-95;МКПП;True
17335ceb-00b1-4798-ac7d-1803de753ad9;2;Швеция;Koenigsegg;CC8S;2023;B;Оранжевый;АИ-95;РКПП;True
3952b7f1-e537-46a9-bf89-0f9caec31fce;4;Италия;Ferrari;GTC4Lusso;2000;j;Светло-синий;АИ-95;АКПП;False
6d28a926-e686-4f28-915d-0929f4161317;3;Китай;Jetta;VA3;2023;E;Сливовый;АИ-95;МКПП;False
00bae832-6de1-4552-9e28-166e003df850;1;Франция;Peugeot;RCZ;1981;F;Оранжево-красный;АИ-92;АКПП;False
6a6f4c93-4ef8-492c-9448-62e61b7a752b;4;Китай;EXEED;RX;2002;C;Светло-розовый;АИ-95;РКПП;True
f9faacb9-3534-40a0-b477-425523903e8c;0;Южная Корея;Asia;Rocsta;2017;B;Ярко-розовый;D;МКПП;False
9a02a97b-1ea9-425f-b094-024545ba3e7c;0;Италия;Qvale;Mangusta;2016;B;Коричневый;D;АКПП;True
87e3afee-8139-412c-8738-087a941321d8;0;Швеция;Saab;93;2006;E;Темно-синий;АИ-92;РКПП;True
29491278-b824-40ab-bfd1-23aa4a029224;5;США;Lincoln;Capri;1997;A;Темно-розовый;АИ-92;БКПП;True
f1d7bbd0-f148-4e14-ba28-d7c1c892a717;4;Китай;Venucia;V-Online;1989;M;Золотой;D;РКПП;True
8f009826-0f6b-46a4-b385-a94cac478357;3;Великобритания;Talbot;Samba;1996;F;Бледно-Бирюзовый;D;БКПП;True
17879e34-660f-46c6-b1e4-07d0ba44a394;6;Великобритания;Westfield;SEi & Sport;1973;F;Темно-голубой;D;МКПП;False
bc0be880-ea1c-46b9-8818-3a9b6226058f;4;Италия;Fiat;131;1997;F;Желтый;D;МКПП;False
17d79195-326c-43b3-9f94-39542c77c2f7;4;Китай;Livan;X3 Pro;1991;C;Розовато-лавандовый;АИ-92;РКПП;True
0847abec-2f18-4318-a15e-950d3bd98b55;3;Германия;Brabus;G V12;2019;j;Оранжевый;АИ-95;АКПП;True
405f95b3-5d20-452e-b6f8-8285faf2e98a;0;Китай;XiaoPaoChe (SSC);SC-01;2020;B;Оранжево-красный;АИ-92;БКПП;True
bafd3f86-3203-4c82-8b6a-77a37aefb32c;4;Россия;Автокам;2160;2007;j;Синий;АИ-95;БКПП;True
f6c13755-e9a0-4d92-b2fe-28f9327d3841;4;Иран;Iran Khodro;Runna;1999;A;Темно-красный;D;РКПП;False
5dc1196d-f60c-4fd3-ab1f-a8dee4e6819a;2;Россия;Москвич;3;2022;E;Светло-розовый;АИ-95;АКПП;True
eecd9f24-c947-4aec-aa84-b50a757f8714;0;Китай;Jonway;UFO A380;2009;A;Серебряный;D;БКПП;False
cec7617d-bd25-4246-a733-758bdece0430;3;Китай;VGV;U70;2015;D;Зеленый;АИ-95;БКПП;True
efc1d074-e9f8-452a-88c6-9f831884f962;6;Китай;Enovate;ME7;1978;j;Темно-бирюзовый;АИ-95;БКПП;False
85e90667-5a97-4f4d-91de-7c1a9ca72c94;3;Великобритания;Lotus;Esprit;1997;A;Светло-серый;АИ-92;МКПП;False
2661741f-0a79-4059-b19a-1f59c131c537;4;Китай;Kaiyi;E5;2015;A;Светло-серый;АИ-95;АКПП;False
5321bb3e-b791-460b-ab40-71096d88be81;6;Китай;Aiways;U6;2021;E;Желтый;АИ-92;МКПП;True
89b0e84e-3417-4c7a-a4b8-106966dc379d;2;Россия;Apal;21541 Stalker;1983;D;Светло-розовый;АИ-92;МКПП;True
3f797495-1ab2-46ed-a337-bd4b4795dd34;5;Южная Корея;Kia;K3;2001;j;Бледно-зеленый;D;МКПП;True
fb0a2e05-a21a-44f1-9a51-6530da5ea4e1;1;Франция;PGO;Speedster II;1992;S;Фиолетовый;АИ-92;РКПП;True
f120617a-1c8e-4a40-be42-863d1a42e5d9;2;Великобритания;Ultima;RS;1992;D;Темно-бирюзовый;D;БКПП;False
ac9011f0-b67d-4a63-a429-05b111fa95c4;1;Италия;Qvale;Mangusta;1989;F;Оранжевый;D;РКПП;True
4ecfa2e0-5187-4971-b783-8aee50d533f5;3;США;Saleen;S-281;1981;C;Бирюзовый;АИ-95;БКПП;True
ad9d2a89-89d9-4423-9559-e1bc455896ce;4;Германия;Adler;Diplomat;2001;F;Сливовый;АИ-95;БКПП;False
ab0564a8-4f5d-43be-93e7-9fedaf693f41;1;Южная Корея;Daewoo;LeMans;2004;E;Серый;АИ-95;РКПП;False
0361c071-6a6d-4fc2-8991-b14997c55849;2;Великобритания;Daimler;Regency;1972;j;Оранжево-красный;D;АКПП;False
73c8e65b-5f1e-47c0-8348-0eed8cd3007c;0;Чехия;Tatra;77;1990;F;Темный хаки;АИ-95;МКПП;False
9e7d43a8-b400-46fa-856c-9adadd69cd02;2;Украина;ЛуАЗ;1302 Волынь;1974;S;Светло-синий;D;РКПП;True
a74b4b51-c7ff-4440-8ee7-d8bdc8be3d6e;3;Китай;Logem;EC30;2017;S;Серебряный;АИ-95;МКПП;True
6b5b18f2-2f65-46e3-80d4-67203964372d;6;Великобритания;Ronart;Lightning;1981;S;Темно-фиолетовый;D;БКПП;False
54576114-254b-4a18-874e-5c9edb03f2fc;5;Китай;EXEED;LX;2022;A;Шоколадный;АИ-92;АКПП;True
0794ac2a-82c7-47a8-8907-f5d574e90a93;0;США;Lincoln;Zephyr;2022;M;Темно-голубой;АИ-92;АКПП;False
8a073d77-3fa2-4f28-a5d3-d74295d9e956;2;Великобритания;Invicta;S1;1990;M;Оранжево-красный;D;РКПП;False
e04fa0cf-9027-45ba-b058-7e689147113d;3;Великобритания;MINI;Countryman;1978;M;Темно-голубой;АИ-92;МКПП;False
0921b71e-536e-4c02-836a-3f78e1cc8066;1;Китай;Everus;VE-1;2023;B;Оранжевый;D;РКПП;False
de981e5e-816c-4f79-8712-e9b20bdd4220;2;Мексика;VUHL;05;2013;D;Малиновый;АИ-92;МКПП;True
d838ecb9-d955-4723-94b7-3cff0f48a12f;3;Германия;Wiesmann;Roadster;1978;C;Фиолетовый;D;АКПП;False
9df44d17-c1e6-48c4-a21b-b96dfd3de792;2;Россия;СМЗ;С-3А;2001;F;Желто-зеленый;D;МКПП;False
1fb46439-fb79-4248-a6d6-7edda213e2ea;4;США;RAM;1500;1974;D;Слоновая кость;АИ-92;МКПП;True
5830b5cb-d9ef-4f84-8c84-c1c53078bee1;2;Япония;Toyota;Cavalier;1989;B;Зеленый;АИ-95;МКПП;True
89feb363-4f0e-4c67-b71e-90a73b0e64ac;4;Южная Корея;SsangYong;Istana;1976;D;Темно-бирюзовый;АИ-95;МКПП;False
eb255e12-03a6-4eed-a80d-9c53e236d284;6;Южная Корея;Asia;Retona;2010;C;Сине-фиолетовый;АИ-95;БКПП;True
09335053-d459-4d62-9638-9f45c9ee04e0;3;Китай;Aito;M7;2009;F;Хаки;АИ-92;МКПП;False
4e5c334d-bdcd-450b-9caa-7738723c102a;5;Италия;IVECO;Massif;1988;M;Бледно-зеленый;D;БКПП;False
78e748bc-58f8-4d85-befc-c5751645e29e;2;Китай;HiPhi;X;1993;M;Оранжевый;АИ-95;БКПП;True
71105495-4058-48ab-8085-8f1769e85cf0;5;Румыния;Dacia;Spring;2000;S;Шоколадный;АИ-95;АКПП;True
3c23d50f-a9a7-4dd3-bb1a-d235fb730efc;1;Китай;EXEED;TXL;1972;B;Темно-серый;АИ-92;АКПП;False
0c9df4de-b679-48e3-957c-3bc62072bdf8;6;Китай;SWM;Tiger;2012;E;Хаки;D;МКПП;False
3859ec8c-3868-4e61-ab23-d5f05b186cca;2;Китай;BYD;F5;1982;S;Сине-фиолетовый;D;АКПП;False
c31ee0fc-936e-4c7f-ba5b-c464857ef676;4;Япония;Mazda;AZ-1;2021;C;Светло-синий;АИ-92;РКПП;True
fb517223-0147-4324-9efb-c2de3c1f2b20;4;Китай;GAC Aion;S Plus;1989;B;Хаки;АИ-95;МКПП;True
648dc6e5-c6dc-4298-9467-12d4d3225ae3;3;Великобритания;TVR;450;2016;F;Шоколадный;АИ-92;МКПП;True
2c22345a-c4fa-447c-b281-8071cc3b0400;1;Япония;Lexus;RX;1990;A;Бежевый;D;БКПП;False
6932f213-538b-4a8b-9163-50120bf04bbe;2;Китай;Landwind;Х9;1999;B;Белый;АИ-95;АКПП;False
40313177-41cb-4f9e-a654-c189bc1e83a9;1;Россия;Москвич;Дуэт;2016;j;Васильковый;АИ-92;РКПП;False
25bcd567-606f-408c-a8c8-e6430b446231;0;Австрия;Steyr;1500;2014;D;Темно-синий;АИ-95;АКПП;False
f7cd263b-585d-41f3-a792-7bbd190fcfa3;2;Германия;Adler;Diplomat;1989;B;Бледно-Бирюзовый;АИ-95;МКПП;True
30573515-6cf2-4b8c-8cca-cdd3b0593296;2;Россия;ТагАЗ;C-30;1994;B;Зеленый;D;АКПП;False
67606c18-3eda-4a78-9908-8a7e9b99391f;1;Беларусь;Belgee;X50;2000;M;Серый;АИ-92;РКПП;True
3c87a1f9-1ecc-4ea5-bce8-45f4aeb9d062;5;Германия;Volkswagen;Pointer;1977;A;Желтый;АИ-95;БКПП;True
3d8e03fd-d640-4163-bfbf-8e5461f37074;5;Китай;Xin Kai;SR-V X3;1973;D;Оранжево-красный;АИ-95;БКПП;False
8d4f4765-be54-4e64-9675-1dcef603ad0b;2;Россия;Руссо-Балт;С24;1989;F;Светло-серый;D;МКПП;False
e191e39f-a7a6-4a28-a301-ab5b01a8954d;1;Румыния;Dacia;Duster;1972;B;Белый;АИ-92;АКПП;True
331f367a-ba0c-4d58-9e7d-f6ea8cff8ddc;2;Франция;Renault;Clio V6;1981;F;Розовато-лавандовый;D;АКПП;True
725e4b19-f570-4dfd-9c9b-e94f50569ac8;2;Тайвань;Luxgen;Luxgen7 SUV;1989;C;Желто-зеленый;D;МКПП;True
c569210f-50cd-44b3-9384-6f75cb7eed9f;6;Германия;Smart;#1;1981;j;Оранжевый;D;РКПП;True
1d0bde3e-c39f-4c01-8ea4-3df305b2e3f0;0;Германия;Mercedes-Benz;EQE;1980;F;Слоновая кость;D;РКПП;True
9b135c9a-428c-4cd0-9a05-5309f1bd47db;4;Китай;XiaoPaoChe (SSC);SC-01;1971;B;Хаки;АИ-92;МКПП;True
3d45a13c-8a80-4f4c-ae76-1f3c0b7bc3bf;4;Китай;GAC Trumpchi;GA8;1981;A;Античный Белый;D;АКПП;True
6a09b83d-d69e-4b4d-8d3c-e33c8799b146;1;США;Eagle;Talon;2023;M;Сливовый;D;МКПП;True
e6ccdadf-206e-4a8d-a54f-a6b5b538fadd;3;Китай;Ciimo (DongFeng-Honda);M-NV;1970;M;Золотой;D;АКПП;False
8d7c2adb-2e84-4fdb-9eea-154ad3d63bc9;1;Великобритания;Lotus;Elite;1983;B;Бледно-Бирюзовый;АИ-95;МКПП;False
94113086-7d76-4ded-9c96-ccc8f8ee8803;3;Мексика;VUHL;05;2023;F;Зеленый;АИ-92;РКПП;True
7ea30154-eb20-41ce-b11f-7a5de25b46dc;5;Италия;Ferrari;360;1973;M;Лазурный;D;АКПП;False
6bde0a14-1397-483f-95b1-19275fcbc219;1;Россия;Москвич;423;2001;M;Темный хаки;АИ-95;РКПП;False
e50a4812-ffee-4218-86c7-1d1cfbabf331;1;Россия;Ё-мобиль;Ё-Кроссовер;1992;j;Коралловый;АИ-92;БКПП;False
387caf31-aa5d-492c-911f-b70658547cc8;0;США;Hummer;H1;1999;M;Черный;D;МКПП;True
0adbc77b-8485-4a99-9e57-690f354cd729;1;Япония;Mitsubishi;Town Box;1990;S;Сливовый;D;АКПП;False
566afcdd-717f-4de9-9c99-9444bc29f215;5;Китай;Jinbei;Haise;2002;A;Коричневый;АИ-92;МКПП;True
663c4a8d-c9e4-492d-88a9-8585954715d8;5;Япония;Toyota;Corolla Rumion;2013;D;Темно-фиолетовый;D;АКПП;False
b37740f9-4df4-46fa-811f-f1917e40b7fd;2;Сербия;Zastava;10;1982;F;Сливовый;АИ-92;РКПП;True
71c0da40-4d08-44eb-a178-c7f61388989d;0;Великобритания;GP;Madison;2008;j;Синий;D;МКПП;True
8b7a379b-a7c7-48fb-bbb9-531db39ec5f4;1;США;Rivian;R1S;1975;j;Желтый;АИ-92;МКПП;True
0f1f0c63-5dda-4c13-b9e0-9afbf86b670c;1;Китай;Leapmotor;T03;1986;B;Темно-оранжевый;D;БКПП;True
60f5d824-1b91-40ba-b76f-45652b8295ed;6;Китай;GAC;GS8;1994;C;Аквамарин;АИ-92;БКПП;True
096ac0a6-3be9-4287-bee4-584d85582e76;4;Великобритания;AC;Cobra;1981;A;Оранжевый;АИ-92;БКПП;False
5e840cfa-abe8-4578-afa5-be55035301a8;5;Россия;ЗиС;110;2008;j;Светло-желтый;D;РКПП;False
aced796d-5d2a-49c8-9cb5-d2e1bedfc624;6;Китай;Rox;Stone 01;2002;D;Темно-фиолетовый;АИ-92;АКПП;False
37f7d2a2-8d35-4683-b1d5-a6aee1bfe720;4;Китай;Qingling;Taga H;1986;B;Светло-синий;АИ-92;РКПП;True
03e8988c-e1c1-465a-a162-c7d9a9dd9396;1;Китай;BAIC;EX5;2012;j;Тусклый серый;АИ-92;МКПП;False
9300d219-1197-40b3-912d-f64eb39032af;1;Германия;Goggomobil;T;2017;D;Белый;D;РКПП;False
8df2bd63-548e-4856-9aa0-9669a466a744;5;Япония;Infiniti;M;1990;C;Коралловый;АИ-95;БКПП;False
66de1546-7520-4502-acf6-18a06d77a92b;2;Великобритания;Vauxhall;Adam;2007;E;Каштановый;АИ-95;АКПП;True
7223afca-b900-41b2-bc1c-da0b818cb675;2;Австралия;HSV;Maloo;1983;S;Каштановый;D;РКПП;True
b0b0911a-224b-4994-91c9-289f64b62b7e;3;Китай;Shanghai Maple;C81;2017;E;Темно-розовый;АИ-95;РКПП;False
385289b8-c2a7-4c87-8ef6-0b3005de4bbd;1;Чехия;Skoda;Enyaq Coupe;1999;j;Сине-фиолетовый;D;РКПП;True
ae08c0d5-b9fc-4a94-ab4b-9ccd5040702e;2;США;Willys;CJ;1987;A;Каштановый;АИ-95;МКПП;False
5f9d6932-baa8-4c81-bd13-cc255a24a977;3;Китай;Aiways;U6;1975;F;Сливовый;D;БКПП;False
82d8d0bb-0bc1-41ef-ac96-4cc55faf24d0;6;Чехия;Skoda;Yeti;2009;E;Пурпурный;D;БКПП;False
ad3ab6a7-8b3d-4b62-9368-74d2a57164ee;5;Индия;Maruti;Baleno;2021;A;Оранжевый;D;МКПП;True
34969f08-f653-4374-9099-6116241e41e2;1;Китай;Xpeng;P5;2014;E;Индиго;АИ-92;БКПП;True
034bb2d9-dff7-4125-9724-b0715d72c0d9;3;Китай;Jetour;X70;1995;B;Бледно-зеленый;D;БКПП;False
b4446e27-d891-44ec-8029-08661ff12307;3;США;Plymouth;Horizon;1998;S;Темно-зеленый;АИ-92;АКПП;False
8c7d107d-b965-40df-831c-d5ed73ef3147;1;Испания;Santana;PS-10;1974;B;Темно-зеленый;АИ-95;МКПП;False
aa360a47-8c43-4c78-aea2-7d7616bab93e;3;Великобритания;Morgan;4/4;1988;F;Светло-синий;АИ-95;АКПП;False
5a224032-b33a-4b9a-84ef-88a7a0d0b2b9;1;Китай;Rising Auto;R7;2007;A;Темный хаки;D;БКПП;False
1158e26e-60f1-4c08-93c1-83d04d8ad811;2;Китай;Nio;ET5;1991;C;Темно-фиолетовый;АИ-95;АКПП;False
2315f01a-f780-4bcc-900f-93bea655efe4;4;Дания;Spyker;C8;2000;F;Бледно-Бирюзовый;D;АКПП;True
483586eb-6cdd-4ce8-85f5-757176d85008;1;США;AM General;HMMWV (Humvee);1977;A;Индиго;АИ-92;МКПП;True
5d8aa050-b37f-4dc2-9059-7f74cb6fc7ab;0;США;Deco Rides;Zephyr;1990;M;Черный;АИ-92;БКПП;False
cf77c635-d50d-4bca-acdf-6fc2fb4ade3f;6;США;Tesla;Cybertruck;1978;F;Фиолетовый;D;АКПП;True
d37569fa-ff0d-4b08-967a-27026515e13f;2;Узбекистан;Ravon;Matiz;2003;B;Желто-зеленый;АИ-92;МКПП;False
cfe51d58-76d9-4b35-ac20-105e3acf4421;5;Великобритания;Ariel;Nomad;2019;M;Белый;АИ-95;РКПП;True
de161d23-2430-4bac-8aad-3e1f505cafc2;5;Испания;Santana;PS-10;1996;A;Сине-фиолетовый;АИ-92;АКПП;False
94e6c64f-04d5-4c17-b0d2-3b31106a2606;4;Украина;ЛуАЗ;1302 Волынь;2017;M;Фиолетовый;АИ-92;БКПП;False
72ad729a-ccc5-4b34-b183-1d340d809992;1;Россия;Москвич;411;2018;B;Темно-зеленый;АИ-92;АКПП;False
e63c59de-e0c9-456d-9b46-c731a74ff4dd;3;Япония;Mazda;Proceed Marvie;1992;S;Шоколадный;АИ-92;РКПП;False
d106464d-0c69-4c9f-922e-1e0aa95dc022;2;Россия;СМЗ;С-3А;2011;M;Тусклый серый;АИ-95;БКПП;False
fc52f12b-46ab-4903-bd5b-095ee6970064;5;Китай;Forthing;Lingzhi M5;1988;S;Желто-зеленый;АИ-92;РКПП;False
99aca653-cd25-4037-a883-b615c94590a3;2;Испания;Hispano-Suiza;K6;2016;B;Темно-голубой;D;РКПП;False
70bb5e6d-161b-4ba7-98ee-f80f4e6485d9;0;США;Overland;Roadster;2009;D;Васильковый;D;РКПП;True
bfd8fe27-03b1-4838-8fc1-410718948cd1;4;Германия;Auto Union;1000 Sp;1980;D;Тусклый серый;D;АКПП;True
a9ccf707-072b-4c61-822e-f6775845c320;6;США;Scion;iA;2001;B;Античный Белый;D;БКПП;False
5beb4461-7b66-4902-adc2-354fb765c3a2;6;Китай;Zotye;Coupa;1981;C;Бледно-Бирюзовый;D;РКПП;False
5fa81b61-879a-4f87-9bc8-f4f09027e72b;4;Великобритания;Westfield;SEiGHT;2012;D;Темный хаки;D;АКПП;True
30809e6d-49c9-48ae-a01e-d565af180166;2;Китай;BAW;Ace M7;1994;B;Золотой;АИ-92;АКПП;True
e631d17f-4c14-4725-bbc6-4e2b577b7cdc;6;Франция;Ligier;JS 51;2012;A;Васильковый;D;АКПП;False
f4d2bd7d-339c-443a-a344-c16cab25a85e;5;Франция;Alpine;A610;1996;F;Желтый;АИ-95;БКПП;True
1f2d000e-d761-446d-a247-6ad86e93deb5;4;Китай;Haima;Freema;2013;M;Синий;D;МКПП;True
9c914727-4ab1-4e98-98a3-f39a2fe6ca99;6;Италия;Lancia;Trevi;2020;S;Хаки;D;БКПП;True
9d515885-00f1-45e3-ae5d-58ff6a16a1a4;3;Китай;Hycan;A06;1979;M;Светло-голубой;АИ-92;РКПП;False
418f9c5f-47ae-443c-a761-a0dfb9e8cc6c;0;Япония;Isuzu;MU-7;2020;F;Черный;АИ-95;АКПП;True
a5179953-6f27-4cb9-8e23-537ac0a577c0;6;США;Pierce-Arrow;Twelve;1990;F;Золотой;АИ-95;АКПП;True
4abefe61-a69e-433b-bf68-fe24929176a3;3;США;Mercury;Colony Park;1992;D;Тусклый серый;АИ-95;АКПП;False
d81e2531-00af-4342-92b3-8f4f14623de9;5;Тайвань;Luxgen;U6 Turbo;2003;B;Фуксия;АИ-95;АКПП;True
3113f041-feee-4780-a865-abc621c5a010;1;Китай;OMODA;S5 GT;2002;j;Зеленый;D;БКПП;False
04a60dc5-393e-41d7-8f37-9433d85ceb12;5;Китай;Changhe;Ideal;2002;A;Малиновый;АИ-95;АКПП;False
ba784405-d523-46e0-9b83-feba564816d7;5;Россия;ЗИЛ;4104;1986;C;Бирюзовый;АИ-95;РКПП;False
8cfb7f9d-00c8-42d9-9329-f5996425a0c9;6;Великобритания;Bristol;Fighter;1974;C;Темно-голубой;АИ-92;АКПП;True
98a9521c-c7ae-4a80-b1a8-8a2b1600e678;5;Германия;PUCH;G-modell;1998;F;Темно-серый;АИ-92;АКПП;False
0fef621f-d9d0-4013-a194-cc4635888494;0;Франция;DS;7 Crossback;1975;j;Серебряный;АИ-95;БКПП;True
2b27a47f-fde9-4df5-98f1-48ee6dd41bd3;4;Китай;Livan;X3 Pro;1975;F;Светло-желтый;АИ-92;РКПП;True
f6c6b422-31ff-489a-87a3-21311c01411c;0;США;AM General;HMMWV (Humvee);2020;S;Оранжевый;АИ-95;МКПП;False
e86228f4-0ad6-421e-bbe6-e3582356e671;2;Китай;Seres;SF5;1983;F;Васильковый;АИ-95;АКПП;False
96d104c2-a9a3-48e8-a9d6-f2f0b529bfea;3;Китай;Tianye;Admiral;2019;D;Темно-синий;D;РКПП;False
8edee0bc-58da-45d7-a42d-165d6e9e22e2;2;Южная Корея;Asia;Topic;2000;M;Слоновая кость;D;АКПП;False
cfc247b9-aa1d-4bb2-8df4-83fe52a16e75;5;Великобритания;Ronart;Lightning;2009;M;Бежевый;АИ-92;БКПП;True
d77b80c5-b92d-495c-878b-82af8ebb758c;5;Китай;BAIC;EU5;2005;C;Коралловый;АИ-92;БКПП;False
ec1ec630-3da1-424f-80e7-d92277bb8da0;0;Германия;DKW;3=6;1976;C;Аквамарин;АИ-95;РКПП;False
09139976-01b1-4162-aad7-a3d3015d421c;4;Великобритания;Metrocab;Metrocab II (TTT);1986;M;Коричневый;D;РКПП;False
a2970f24-9e54-4a12-b8cb-b106fbba0374;3;Великобритания;AC;Aceca;2009;C;Индиго;D;РКПП;False
b892326f-836f-42ac-82b7-4c1d66097716;0;Индия;Hindustan;Ambassador;2010;A;Фуксия;АИ-92;РКПП;False
b8340caf-5d8b-44eb-a9fd-19ca959cfcad;2;Италия;Pagani;Zonda;1990;F;Ярко-розовый;D;РКПП;False
b9a41e62-350a-448c-8020-bd4d9847865b;0;Россия;Vortex;Tingo;2013;E;Темно-красный;АИ-92;БКПП;False
cf41a9f6-f228-4bee-a10e-a21c22f6eecf;0;Япония;Honda;Zest;2019;j;Белый;АИ-95;АКПП;False
f61e7de8-6b71-494d-a8cd-70f3838a8c63;2;Китай;GAC;GS8;2019;S;Темно-голубой;АИ-92;РКПП;True
17c85775-6e68-4b20-91b6-16b8afecd5bb;5;Великобритания;Bentley;Brooklands;1985;C;Темно-розовый;D;АКПП;False
ccb03510-4b18-40d5-a5c8-486ed0c9c4e8;3;Китай;JMC;Yuhu 7;1986;A;Шоколадный;АИ-92;РКПП;True
e89804d8-1146-4398-b9c2-a3b77e3f510b;5;Великобритания;Rolls-Royce;Ghost;2012;F;Розовато-лавандовый;АИ-92;МКПП;True
9fe771bb-5c09-450a-915a-973c389ddc5c;4;Украина;ЗАЗ;968;1992;B;Сине-фиолетовый;D;МКПП;False
9f8b011a-e007-4c62-98c8-f29e9f6ca65d;5;Китай;Zotye;Z300;2012;B;Серебряный;АИ-95;РКПП;True
5f46272d-eaeb-4012-b509-5fdf72354171;6;Германия;Goggomobil;TS;1974;M;Темный хаки;D;МКПП;True
e8c58a24-a6e3-4168-bd99-a8e0a632e70f;6;Италия;Fiat;Ritmo;2010;F;Тусклый серый;АИ-95;МКПП;True
d23a4cf5-a954-4395-adf5-bf0b46229b39;5;Россия;СМЗ;С-3А;1997;F;Коричневый;АИ-92;АКПП;False
e74b9c45-2a03-41ca-bbf8-f782ace6adfb;6;Китай;JMC;Vigus Work;1973;B;Темно-бирюзовый;АИ-92;БКПП;True
49d7d4b2-5017-472c-a2d1-906d4c68a3c3;4;Италия;Cizeta;V16t;2001;j;Светло-синий;АИ-95;АКПП;True
d06fb623-1883-43c0-880c-49804fa94889;0;США;RAM;1500;1971;A;Античный Белый;АИ-92;АКПП;True
246a8577-7230-4490-9398-d79791b9efba;5;Нидерланды;Donkervoort;D8 Cosworth;1995;S;Васильковый;АИ-95;АКПП;False
96a029a9-855b-4f9a-8720-038bf2aa005e;6;Китай;Tianma;Century;1994;j;Лазурный;АИ-95;МКПП;True
fe3607ad-8ca1-4840-975c-539b1e87a510;2;Китай;Weltmeister;EX5;2007;F;Оранжево-красный;D;АКПП;True
c8365299-aa82-4477-92e2-e181e2080db8;2;Румыния;Aro;10;2015;C;Фиолетовый;D;БКПП;False
9f82d735-eed1-4e34-a028-2c45295bd159;3;США;Buick;Electra E5;2008;M;Синий;АИ-95;БКПП;True
25cedd8f-1b13-4b66-8655-c83da49d79b9;6;США;Studebaker;Golden Hawk;1979;E;Синий;АИ-95;МКПП;True
326840a0-1330-4937-af08-bc3389d5bf24;4;Китай;Yema;T70;2009;D;Аквамарин;АИ-95;БКПП;True
6f6841c5-07ed-4a57-a3f5-8a110b73b198;3;США;Dodge;Neon;1992;M;Хаки;АИ-95;АКПП;True
823ad582-a1ff-4ab3-80dc-281d3659aac6;4;США;Buick;Riviera;1990;B;Желтый;АИ-92;РКПП;True
47294ada-1b9d-466b-985b-c12c15528360;4;Китай;Geely;Geometry E;2018;B;Синий;D;БКПП;False
70d3aea0-9a47-498c-91ce-db2361d42c5b;4;Великобритания;Aston Martin;Cygnet;2020;A;Золотой;D;БКПП;True
87bb4b59-8b3d-4b7d-87d2-896308b76d3f;5;Россия;ЗиС;110;1993;S;Бирюзовый;D;АКПП;True
9be5ae7e-a3b7-4002-a04a-0e94b24be4e3;6;Китай;Soueast;DX7;2006;F;Желто-зеленый;D;АКПП;False
a11ed4b2-2a73-4600-87a9-97d655751967;2;Румыния;Dacia;Pick-Up;1983;A;Золотой;АИ-95;РКПП;False
7e8eb1e6-cb87-4980-a6ba-7d62046376ff;1;Россия;Doninvest;Orion;2018;M;Темно-розовый;АИ-95;БКПП;True
12bb265f-b37d-4a1d-aa66-6cb28a1b1efc;6;Франция;Alpine;A610;2018;j;Бирюзовый;АИ-95;МКПП;False
e13f1e6b-c4ba-47b9-8108-c9d2d03461f9;0;Бразилия;Puma;GTE;2017;A;Бирюзовый;АИ-95;БКПП;True
6217922e-ca9d-440e-8baf-7fd5ffce81d0;2;Италия;Fiat;Ritmo;1997;D;Розовый;АИ-92;АКПП;True
8a16c6b2-d5ff-4f98-ae5e-6b82d5712be8;4;США;Auburn;Speedster;1981;F;Синий;АИ-95;РКПП;False
159a8804-e248-440b-af7f-e43cf3e96f1d;5;Китай;ZX;Admiral;2010;E;Розовато-лавандовый;АИ-92;МКПП;True
8d56f5f3-6569-45c3-b03d-876715306762;6;США;Plymouth;Volare;1999;j;Античный Белый;АИ-92;РКПП;True
d535bac0-b1fa-4e4a-b570-c039ab5c2dba;3;Китай;Changhe;Ideal;2013;M;Черный;АИ-92;РКПП;False
32888cbc-3845-4099-a547-0ac9b93fd9cf;2;США;RAM;ProMaster City;1993;A;Оранжево-красный;D;РКПП;True
05f81268-6346-48c6-af66-2f92d8e4537b;2;Китай;Jetour;X70 PLUS;2012;S;Белый;АИ-95;РКПП;True
0c930de9-2aaf-4527-98ae-ec5e133f720b;4;Китай;Ciimo (DongFeng-Honda);X-NV;2018;E;Ярко-розовый;АИ-92;МКПП;True
5cbf5bcd-89c8-4567-865a-9026484bcda5;5;Германия;Isdera;Commendatore 112i;2004;S;Темно-голубой;АИ-95;АКПП;False
96a1b4aa-3916-4f43-a620-7e99304f6f12;5;Австралия;Holden;Zafira;2020;M;Бледно-зеленый;АИ-92;РКПП;False
fb749c03-60b7-4e9c-8f1f-82d2d5f5e89c;5;Китай;Seres;SF5;1987;C;Розовато-лавандовый;D;АКПП;False
2b7bd004-2554-4ded-a316-72af0f45dc35;1;США;Rivian;R1S;2020;C;Бледно-зеленый;D;АКПП;False
d8d041d1-a848-479f-82d6-7b7095a87df5;6;Китай;ShuangHuan;Noble;2021;D;Бежевый;АИ-92;МКПП;True
586a3601-e5b6-4bcb-a79c-a6eaae375122;3;Хорватия;Rimac;C Two;2014;F;Темный хаки;D;МКПП;False
ab334be8-7f6b-416a-a820-fa6e89e5bec6;0;Румыния;Aro;10;2018;M;Слоновая кость;АИ-95;АКПП;True
6778a0dd-18e5-4b0f-aa76-75198bc73749;6;Дания;Spyker;C8;1994;A;Оранжевый;D;АКПП;False
d340a0d0-8636-4332-a251-68377327be05;6;Китай;Jonway;UFO A380;1973;A;Черный;D;АКПП;False
8a6562aa-e3f7-48b1-b8a7-9a1eeb82aa25;6;Китай;Skyworth;EV6;2022;j;Темный хаки;АИ-92;БКПП;False
340053f9-4720-4f7e-82ef-874d43d29726;2;Великобритания;Carbodies;FX4;2006;M;Темный хаки;АИ-92;МКПП;False
fc5ceb8e-d3ca-44e2-b3fd-6ed2f26dc905;1;Китай;Jetour;X70 PLUS;1973;F;Синий;АИ-92;МКПП;False
bd1645ef-fc76-4fba-bcf4-8f14a5815fd0;5;Швейцария;Minelli;TF 1800;2008;F;Малиновый;D;РКПП;True
1136f7ce-568c-43ff-bcb1-fa08bf44e312;3;США;Nash;Ambassador;1988;A;Белый;D;РКПП;False
07c15ba9-6201-4bd6-8479-0fdf82540233;0;Великобритания;TVR;280;2021;S;Бежевый;D;РКПП;False
fd9a9fa3-ab4c-4506-9566-7e05edae21b8;2;Великобритания;AC;Cobra;2020;j;Каштановый;АИ-92;БКПП;False
76c290ab-e803-43fd-986e-b3f0e81b75f2;5;Южная Корея;Daewoo;Racer;1978;C;Желто-зеленый;АИ-92;МКПП;True
865a81b5-de45-4594-9cb2-1198dafa7bd4;5;Бразилия;Puma;GTB;2007;M;Коричневый;D;РКПП;True
267b38b5-f7a2-411e-be66-d1aa107ff6c7;5;США;Hummer;H2;2007;M;Малиновый;D;БКПП;True
47389695-3390-4d60-8825-800b01ab0693;2;Италия;Tazzari;Zero;2019;D;Розовато-лавандовый;D;МКПП;True
bb7e886e-729c-4b45-931e-8a6c485d6931;4;Россия;ЗИЛ;114;2010;A;Светло-зеленый;АИ-95;МКПП;False
1d610760-e373-46bb-80d3-3665c239196b;6;Россия;Apal;21541 Stalker;2005;D;Белый;АИ-92;АКПП;False
b6241634-3389-4dc7-bd53-218d69ab89ec;0;Япония;Lexus;RX;2004;j;Цвет морской волны;АИ-92;РКПП;False
510b8592-619e-4d33-ba7c-0b619eb72a67;5;Китай;BYD;Song EV;2011;D;Каштановый;D;АКПП;False
345fd6dd-7caf-4142-9bbb-3e14284022c0;3;Великобритания;Caterham;21;2011;A;Темно-красный;АИ-92;РКПП;False
bd03ebf5-4c72-42be-bf53-2ab2f66c3f18;5;Китай;Dayun;Yuanzhi M1;2005;S;Бежевый;D;РКПП;False
959ccec8-9e6f-47ea-8ef3-87224e15d694;1;Великобритания;Spectre;R42;2003;A;Темно-серый;D;МКПП;False
2d46cafc-b37e-425b-aa1e-eff85e272044;4;Китай;Landwind;Fashion (CV9);2013;M;Сине-фиолетовый;АИ-95;МКПП;False
aac02261-f499-41f6-a846-3fa35e27791c;4;Россия;Bilenkin;Vintage;2013;C;Темно-фиолетовый;АИ-95;МКПП;True
6856063a-779e-4970-8fdc-559e914c1c58;2;Япония;Isuzu;MU-7;2013;j;Цвет морской волны;АИ-92;АКПП;False
88d7139f-9505-45b2-a04e-ce605225b8d8;3;Япония;Mitsubishi;Minica;1996;B;Синий;АИ-92;РКПП;True
0c1ae35a-c259-42dd-a106-90d9812eac7f;1;Великобритания;Bristol;Blenheim;1997;M;Серый;АИ-95;БКПП;False
7d537cbe-dd47-4cfb-b7af-140597fbff75;6;США;Plymouth;Turismo;1970;C;Шоколадный;АИ-95;БКПП;True
6b2b0bb0-033f-4dc6-a9c0-1d2883308c12;5;Польша;FSO;126p;1991;B;Тусклый серый;D;РКПП;False
eac7c975-b7f2-45fa-a19a-f5884ec840ac;3;Италия;De Tomaso;Pantera;2002;D;Темно-красный;D;БКПП;True
2a9c4882-293a-487e-b716-6799c19b3afb;1;Китай;Enoreve;ME5;2007;E;Оранжево-красный;D;МКПП;True
3fa902cd-688a-4d61-81df-0772eeeb1f52;3;Великобритания;Triumph;TR3;1987;j;Серый;АИ-95;БКПП;True
fb180e24-711a-4024-b6c9-98127689911d;2;США;Cord;L-29;1977;F;Зеленый;АИ-92;МКПП;False
9fe41dac-d19d-4859-a9d1-92770be765a4;6;Китай;Rox;Stone 01;1993;D;Сливовый;D;БКПП;True
609f56fb-22ed-4b5d-9ad3-a86ed86a2a9e;3;Китай;Nio;EC6;2010;B;Желто-зеленый;D;РКПП;True
2874f494-eef8-412e-a4cd-8c1def31cd11;5;Германия;Volkswagen;Atlas Cross Sport;1995;C;Темно-фиолетовый;АИ-95;РКПП;False
7b225036-fe0e-4e45-bc8a-f26ffad7ab84;4;Китай;Ciimo (DongFeng-Honda);M-NV;2011;F;Пурпурный;D;АКПП;False
081ffa24-18ed-47ed-83a3-d38f3cbb043a;1;Германия;Audi;RS 7;1991;M;Светло-зеленый;АИ-92;АКПП;False
a82ac480-63bc-4296-8629-94ef64cab6d8;6;Швеция;Saab;90;2008;B;Светло-синий;АИ-95;МКПП;True
a7921a4b-0a19-4b38-a9a5-bbae50107373;6;Италия;Ferrari;250 GTO;2009;D;Слоновая кость;АИ-95;РКПП;True
f37482f8-d1dd-4f9c-83ac-29b9077dec9b;4;Германия;Smart;#3;1990;E;Темно-синий;АИ-95;АКПП;False
2ee8cf99-63bf-4f45-adaf-30418e232bca;1;Великобритания;Talbot;Avenger;1975;S;Светло-зеленый;D;РКПП;False
08a9e39b-2ffc-4362-a769-8feaa3496c4c;3;Китай;Voyah;Dream;1970;E;Светло-зеленый;АИ-92;РКПП;True
b291dde1-ea2b-4009-a30d-4ea7c2cccc06;4;Италия;Qvale;Mangusta;2017;A;Цвет морской волны;АИ-92;АКПП;False
acb912c5-727c-4131-83e6-2a2dfda9736d;6;Франция;Venturi;260 LM;2008;C;Темно-бирюзовый;АИ-95;РКПП;True
56c0fd2a-982d-484b-adf7-058abdaff219;0;Китай;Oshan;X5;2003;B;Темно-оранжевый;АИ-95;РКПП;False
483e6b11-5a42-48ff-b9c5-c26771868811;1;Великобритания;LTI;TX;2015;C;Сливовый;D;РКПП;False
651ab660-3e50-4c1d-a164-ce48201e96af;2;Китай;ChangFeng;Flying;2013;M;Серый;D;РКПП;True
47c7e75a-d49f-4e8d-8bfc-04b2306e759f;0;Великобритания;Morris;Eight;2009;F;Темно-оранжевый;АИ-92;МКПП;False
d77c4871-97d2-45d8-9422-64cd348842f4;5;Германия;Mercedes-Benz;B-Класс;2020;C;Сине-фиолетовый;D;РКПП;False
51f473b8-a451-494c-9a52-458acb0eda8c;2;Испания;Cupra;Born;1989;F;Слоновая кость;АИ-92;РКПП;False
87949788-1fc2-4b98-948b-31cb8cbfd687;4;Великобритания;GP;Madison;1973;B;Цвет морской волны;АИ-92;МКПП;True
07b94418-2c58-4767-9030-258c302d15e0;4;Китай;IM Motors (Zhiji);L7;1991;E;Бледно-Бирюзовый;АИ-92;БКПП;True
4f862c45-444b-45fc-8463-affc6fe5dfdf;4;Китай;Denza;D9;1990;F;Темный хаки;АИ-95;МКПП;True
5877cb3d-227b-412e-a978-d3d6ae472cda;1;Япония;Suzuki;XL7;1991;M;Пурпурный;АИ-92;АКПП;True
6238e405-e475-4182-9fb6-796fc510956d;2;Россия;Flanker;F;1971;D;Тусклый серый;АИ-92;МКПП;True
1dfc669a-2711-4c1b-98fa-6d56e547f5cd;1;Китай;Rox;Stone 01;1982;F;Светло-голубой;АИ-92;РКПП;True
9dd75c1f-7818-4b88-b0bb-ee259864f097;4;США;Cord;L-29;1992;F;Бежевый;D;АКПП;True
74db5f86-6edb-4282-80f0-ae7be712f569;3;Италия;Maserati;Bora;1997;F;Аквамарин;АИ-95;БКПП;False
c69020bc-34cb-4b56-978b-37bafd448251;0;Китай;OMODA;S5;1998;E;Фуксия;АИ-92;АКПП;False
2ae11fa6-2c38-4244-9c95-d794b6146425;5;Франция;Venturi;300 Atlantique;2016;F;Шоколадный;АИ-92;РКПП;True
c1cf2cbc-45f1-4cfd-8c1c-ab1468fdf851;0;Южная Корея;Genesis;GV60;1999;B;Белый;D;РКПП;True
ffd7b904-1a38-40a2-aea7-5ccc052da329;5;Китай;Weltmeister;EX5;1986;j;Темно-серый;АИ-95;МКПП;True
c1bc331d-05b3-4315-8b8a-a14ffb75452e;6;Китай;Skywell;ET5;1971;A;Сливовый;АИ-92;МКПП;True
34bb5098-b397-42e5-b659-489da2406c77;1;Россия;Vortex;Estina;1997;j;Темно-синий;АИ-92;БКПП;True
eeef0706-2390-418a-ba72-8cc020d727fa;0;Китай;Zeekr;X;2006;F;Светло-серый;АИ-95;РКПП;True
51d26ef9-7cfc-49ca-8386-db28da7aab53;1;Россия;Derways;Plutus;1986;F;Каштановый;АИ-92;АКПП;False
3673a9e7-c681-4f45-97f2-3664746e1eca;6;Япония;Daihatsu;Gran Move;1996;B;Белый;D;БКПП;True
dbcc037e-8d2b-4407-a2d0-b75823803407;2;США;Willys;CJ;2008;B;Темно-зеленый;АИ-92;БКПП;False
aa426290-7ea5-4a52-b4c1-129fbeacda4c;2;Малайзия;Bufori;Geneva;1978;M;Темный хаки;D;МКПП;False
43221cf6-ae14-47a5-91e8-05e5490b5f90;4;Китай;Jinbei;Haise;1985;B;Слоновая кость;АИ-95;МКПП;True
8751897b-9ab1-46f7-963e-a044eee49561;1;Индия;Hindustan;Contessa;1992;B;Коричневый;D;БКПП;True
8b5e0580-736d-4ab5-81e8-acbc2d1c744d;5;Китай;Bio auto;evA-4;1972;B;Светло-зеленый;D;АКПП;True
fbce3d15-5dca-4a61-ad4d-f95256cd41a5;4;Япония;Acura;RSX;1997;j;Черный;АИ-92;МКПП;True
173db0e4-7c32-4c2a-801f-b68c74000a0c;0;США;Chrysler;LeBaron;2015;C;Черный;АИ-95;РКПП;False
22bc1478-4424-4323-8c9b-9299e73fbbce;6;Япония;Lexus;IS F;1978;D;Коралловый;АИ-95;БКПП;False
d94b1624-e6c3-4a14-a7e6-8dfbff9bc212;3;Франция;PGO;Cevennes;1973;D;Темно-фиолетовый;АИ-95;МКПП;False
622536c7-5941-431f-8491-6f4d41671d4c;0;Франция;Simca;1300/1500;1978;j;Зеленый;АИ-95;РКПП;False
bb281a0c-dc8c-4d5e-bdd9-4bd12ad8fb32;3;Дания;Zenvo;TSR-S;2020;B;Коралловый;АИ-95;БКПП;False
5db86882-b88d-4593-bc1a-9f4f9359fb60;1;Россия;Evolute;i-SKY;2020;M;Темно-серый;АИ-95;БКПП;False
98a3189d-9072-4d26-aa5f-5c719240baff;6;Япония;Nissan;Juke;1985;A;Темно-серый;АИ-95;БКПП;True
9bcd5438-2516-40de-a636-e42166843a89;3;Япония;Isuzu;Trooper;2016;E;Пурпурный;D;РКПП;True
03d428b7-1659-4001-a9ef-caab1c8fbd31;5;США;Ford;Contour;1977;B;Светло-желтый;АИ-92;АКПП;True
