cf0ba023-d737-4752-b884-27dc91dc5a21;4;Великобритания;Spectre;R42;1990;D;Темно-голубой;D;АКПП;True
13be7341-97c5-4e98-aa86-244571fb6759;5;Китай;Leapmotor;C11;1970;D;Желтый;D;БКПП;False
df455182-cb50-4d02-a8d8-6c07032f1cea;0;Китай;Dadi;Shuttle;1971;E;Синий;АИ-95;МКПП;False
1e154dfa-ac35-43d4-95b8-be66043b641b;1;Россия;Bilenkin;Vintage;1975;E;Темно-розовый;АИ-92;БКПП;True
7853b758-ae77-47a5-9bb8-f82dbda8ccff;5;Германия;Wiesmann;Roadster;1972;j;Светло-синий;D;БКПП;False
bcb6f4d3-cd91-4dce-ae42-9de3b60a5a18;2;Италия;De Tomaso;Bigua;2017;j;Тусклый серый;АИ-92;РКПП;False
17807967-cf91-4a7d-9005-e76698bf6942;0;Китай;EXEED;Yaoguang;2010;S;Сине-фиолетовый;АИ-95;БКПП;False
032b8efd-27a9-4fcb-b161-00668d4e6591;2;США;Sears;Model J;1995;E;Желтый;АИ-92;РКПП;True
2eecb35f-cdef-486c-afa8-f39556b8f503;2;Франция;DS;5;1977;E;Слоновая кость;АИ-95;АКПП;True
d8d95b7d-6915-47b3-b17c-46ef7812ccb0;5;Китай;Xpeng;P7;2011;j;Бледно-Бирюзовый;АИ-95;АКПП;True
fd52712d-77d3-48ea-9c8e-ee3ef5fe434f;4;Китай;SWM;Tiger;1980;j;Серый;АИ-92;РКПП;False
76e7df34-0357-4677-9ea6-ff7f0059cdc8;4;Китай;Venucia;V-Online;1985;A;Темно-серый;D;АКПП;False
974c9671-8cfe-45ad-ac36-e5e217e5d748;3;Германия;Hanomag;Rekord;2011;F;Темно-бирюзовый;D;РКПП;True
dda9a555-70bf-44d4-8f52-8fae75c5af49;5;Румыния;Aro;10;1972;E;Темно-розовый;АИ-95;МКПП;True
562a702f-b06d-4456-baf2-aceb3a97064d;6;США;Rivian;R1S;1986;A;Темно-фиолетовый;АИ-92;МКПП;True
b42eec53-ea03-436d-b14e-986e5cc62925;6;Китай;Voyah;Passion;2020;C;Розовый;АИ-92;АКПП;True
5687cc86-0649-4fc6-997e-ca1ecf965bfc;3;Великобритания;Daimler;X350;2002;C;Индиго;D;РКПП;False
acadc1ef-db17-45a4-864f-79688bd17968;3;Китай;Dadi;Smoothing;1994;E;Малиновый;АИ-92;РКПП;False
f95a790f-8775-43bf-ae4a-d324c74efaf4;5;Китай;Ciimo (DongFeng-Honda);X-NV;2008;j;Розовато-лавандовый;АИ-92;АКПП;True
3f6b4265-f772-45ac-a683-008828439214;2;Россия;LADA (ВАЗ);2111;1999;D;Розовый;АИ-95;БКПП;True
b86079bc-8915-4c7a-a7e9-759f60e1b9ef;3;Чехия;Tatra;87;2004;F;Лазурный;D;БКПП;False
54be0b63-9179-455d-8aaf-25ec08f42b12;4;Китай;Qiantu;K50;1996;E;Светло-розовый;D;РКПП;True
6230e995-0aa3-45ed-8258-0734e619ab23;3;Италия;Osca;2500 GT;1979;F;Серебряный;D;МКПП;True
4f5553ce-c07a-4faa-9f6a-c5b5337ce21e;2;Малайзия;Perodua;Kembara;1975;M;Бежевый;D;МКПП;True
8d01ebdb-9e2c-4452-81ce-63b689bc94d9;6;Япония;Mazda;Demio;2021;C;Желтый;D;РКПП;True
8f546d44-d9e9-4090-99a3-bddc6ae03906;3;США;International;Travelall;2016;A;Темно-серый;АИ-92;АКПП;False
993aae9f-4dcc-4090-a56e-7a28b05e99e1;1;Италия;Alfa Romeo;Arna;2022;j;Белый;АИ-95;АКПП;True
7e147273-612e-4068-8f05-b68e2a89d936;3;Россия;Doninvest;Assol;1973;D;Светло-розовый;D;РКПП;True
c02bb686-4048-4c76-9a5c-8521d2d532ed;5;Япония;Mitsubishi;Pajero;2004;E;Бежевый;АИ-95;МКПП;False
2f338a18-8068-4c11-93a6-9f4d24625ea4;6;Великобритания;Aston Martin;DB7;1994;D;Темно-серый;АИ-92;БКПП;True
6618e277-6eb7-4e35-8af8-bc08ea0b1207;0;Франция;Delage;D12;1970;F;Бледно-зеленый;АИ-95;АКПП;False
499c10d9-8bd2-4095-9538-2607326f13a3;3;Япония;Toyota;Levin;1994;C;Лазурный;АИ-95;РКПП;True
124f78d5-e0d3-4698-b8fb-c394fd615058;4;Тайвань;Luxgen;Luxgen5;1984;C;Зеленый;D;РКПП;True
deae9af4-fdec-49a5-8a73-8cf9a0fadd38;1;Австрия;KTM AG;X-Bow;1991;D;Фуксия;АИ-95;АКПП;True
7a63b627-dfda-4c1a-8d4c-88cf75e5ef96;0;Вьетнам;VinFast;VF9;2012;j;Малиновый;D;РКПП;True
8ac382d5-af17-4d45-b74f-d5dd1af04c48;2;Китай;Changhe;Ideal;2020;B;Бежевый;D;БКПП;False
c2b32dd7-2375-4a46-8fc9-c57aeebce765;6;Китай;Dadi;City Leading;1980;F;Темно-розовый;D;МКПП;False
8d013dae-fa9b-4eb7-8dda-9c83b683b125;3;Китай;Baojun;RS-5;2008;D;Темно-оранжевый;АИ-95;АКПП;False
079955a7-ca97-4d99-bea6-eec57ac8effa;1;Великобритания;Jensen;Interceptor;1989;j;Светло-розовый;АИ-95;РКПП;True
5ee535fd-f864-4feb-9046-06db75a8e09f;5;Великобритания;Invicta;S1;1977;D;Темно-красный;АИ-95;БКПП;False
aa2f7b66-063a-4f4c-aeef-68de5da399bc;0;Германия;Mercedes-Benz;SLR McLaren;1977;A;Аквамарин;АИ-92;РКПП;False
4932bcda-21ec-4951-b742-14091722b6f2;4;США;Willys;MB;2004;B;Индиго;АИ-95;АКПП;False
618132ef-b92e-4850-8070-16359c98aabb;1;Израиль;Zibar;MK2;1991;A;Оранжево-красный;АИ-92;МКПП;False
ddc0434f-b9f3-4951-a164-bfa44a6072d6;3;Франция;Microcar;Virgo;2011;C;Бирюзовый;АИ-95;БКПП;True
fc6eb228-21fd-4e14-9900-b48b42377113;5;Китай;Hafei;Minyi;1993;M;Сине-фиолетовый;АИ-95;РКПП;True
0e1f8a84-963c-49cd-acca-f67a911e3c1f;0;Китай;Qingling;Taga H;1978;F;Темно-серый;D;БКПП;False
453dee02-fd90-48c1-afee-91200b6c1838;3;Франция;Mobilize;Limo;1975;F;Темно-зеленый;D;РКПП;True
61488a1c-4866-460b-a084-0d3e8048472a;1;Китай;Jonway;UFO A380;2007;M;Желтый;АИ-92;БКПП;False
1ca54c26-e01d-46c9-a77f-7f7673815448;4;Китай;Maxus;T90;1992;j;Бежевый;АИ-95;МКПП;False
5842208e-a81c-4e6a-b4b0-8f91df140e10;5;Индия;Hindustan;Ambassador;1996;E;Серебряный;АИ-95;АКПП;True
03e2503f-05e9-43eb-96c8-114e9487c7c9;0;Швеция;Saab;99;1997;S;Светло-синий;АИ-92;РКПП;True
8b09aa5c-5392-42e7-bb05-498aa487f7e4;0;США;Vector;M12;1973;j;Темно-синий;АИ-92;АКПП;True
6ace1726-a2e3-44d3-afba-8772b7e3cace;3;Великобритания;Triumph;Acclaim;2023;D;Оранжево-красный;D;РКПП;True
2d3fb431-d567-4c14-b3e0-2cb43ecddb8e;5;Великобритания;Rover;SD1;1984;D;Фуксия;АИ-92;БКПП;False
dd3fdd4d-70f3-4051-b3c2-d5df217d8769;3;США;Fisker;Karma;1986;C;Светло-розовый;АИ-92;АКПП;False
7fd19dac-9ecc-435e-9e40-16aa7fb873fb;1;США;AM General;HMMWV (Humvee);2012;A;Хаки;D;АКПП;False
e30d1449-04dd-47b5-9a65-c6fd6de6aea4;1;Германия;Hanomag;Typ 13;1983;A;Бледно-Бирюзовый;АИ-92;БКПП;False
3f53f0be-5b04-420e-bb8a-b519d4ed3b4e;0;Индия;Premier;Padmini;1989;B;Слоновая кость;D;МКПП;True
74168303-fb6e-499f-9b67-521c4fb3e538;5;Китай;Fuqi;6500 (Land King);1972;A;Темно-голубой;АИ-92;АКПП;True
66e1d723-c260-41c6-8eb0-dd19e88e3b60;1;Китай;Chana;SC6390;2018;B;Индиго;АИ-92;РКПП;True
768e4e2e-c4a6-443c-820a-1bf2424a101f;3;Великобритания;Talbot;Solara;1984;E;Коралловый;D;БКПП;False
e6a2a0dc-3d52-4764-8051-d0888e52d7e6;6;Япония;Honda;Z;2007;j;Темно-оранжевый;АИ-92;АКПП;True
0ff6199a-7175-47ce-823f-514aaf15ba3d;4;США;Geo;Spectrum;2008;E;Темно-серый;D;РКПП;True
1f42c912-8db6-4c1a-8c38-cb52ac2d78ca;3;Норвегия;Think;City;1979;S;Пурпурный;D;АКПП;False
71e4cf4d-488b-43d9-ba35-70aaab697ee8;4;Польша;FSO;125p;1996;C;Темно-фиолетовый;АИ-95;МКПП;False
2d4aaa38-91c3-48e6-ba71-dea5f7c641ec;5;США;Chrysler;200;2014;C;Бирюзовый;АИ-92;АКПП;True
c4507ef6-1037-49b4-b5f2-4fc861b7e093;0;Северная Америка;AMC;Rambler Ambassador;2005;E;Оранжевый;АИ-92;РКПП;True
d01cb439-5b5c-4acc-9acb-0de5b0c24cbc;5;США;Rezvani;Beast;1975;C;Фиолетовый;АИ-95;МКПП;False
30229946-a60c-48b1-bea6-c6493cfe67f4;0;США;Lincoln;Capri;2010;A;Серебряный;D;БКПП;False
ca116b61-4112-45e9-a3b7-28c2d914471d;5;Германия;Trabant;P50;1998;M;Красный;АИ-95;БКПП;True
5e8c5f72-be88-49a6-b0de-75447ed184a0;4;Китай;BYD;Song Max;2022;M;Темно-красный;D;МКПП;False
4341bca7-3a57-4315-842f-9ba589ebf0c9;6;Китай;Zeekr;009;2011;A;Каштановый;АИ-92;МКПП;True
669cbdc2-4e71-495c-aac4-d2384c9ad0e9;6;Китай;Skywell;HT-i;2015;C;Пурпурный;D;МКПП;True
694c85b1-b819-46f9-969d-36870f7f37e8;2;Австралия;HSV;Maloo;1995;B;Ярко-розовый;АИ-95;АКПП;False
e0cf1810-6d18-48ec-9db9-b1e0a2b93878;1;Китай;Aito;M5;2018;F;Желтый;АИ-95;АКПП;True
c059fb02-1f09-4b40-951d-2c9a69385c1a;6;Румыния;Aro;24;1983;D;Бледно-зеленый;D;МКПП;False
f435f168-a308-41f1-a9bc-a2307811e792;1;Италия;De Tomaso;Guara;1973;j;Розовато-лавандовый;АИ-95;БКПП;False
e8b336a9-fde0-4ae6-9894-7589502398f8;0;Китай;Baojun;RS-5;1990;A;Серебряный;АИ-92;РКПП;False
d83bbf88-ba50-4dc9-9ff8-3e60f16d305f;3;Германия;Borgward;2000;1997;C;Темно-фиолетовый;D;РКПП;False
137fc8b4-15ef-43d5-8824-a5751b310972;5;Тайвань;Yulon;Feeling;1977;M;Розовый;АИ-92;РКПП;True
4fdee9c5-5289-458a-81ca-100e3e7635b5;3;США;Ford;Fusion;1998;B;Темно-фиолетовый;АИ-95;МКПП;True
2555b639-0b22-4c97-ba61-7bf3cc405945;4;Объединённые Арабские Эмираты;W Motors;Lykan Hypersport;2002;B;Аквамарин;АИ-92;АКПП;True
bc87bdb2-065a-4a24-8f43-d6c32d58e057;1;Китай;Avatr;11;2007;S;Бледно-Бирюзовый;АИ-95;МКПП;True
46c2e5d1-f476-4da7-a6d9-42f1ddcf4cd3;1;Китай;Chana;Benni;1974;M;Бледно-Бирюзовый;АИ-95;БКПП;True
0da5f496-349e-4770-8a05-093c0cef81c6;3;Великобритания;Talbot;Samba;1975;j;Аквамарин;D;БКПП;False
dfcdd714-07bb-4d95-a776-b73808d40fbc;3;Франция;Alpine;A310;2010;M;Аквамарин;АИ-92;РКПП;False
dc0fb9a7-5cf2-42e2-9126-ced5d3649b56;3;Франция;Matra;Murena;2004;C;Тусклый серый;АИ-92;АКПП;False
3ce521de-eb4f-41bf-8994-6761cb7cc46c;2;Великобритания;Vauxhall;Ventora;1993;j;Белый;АИ-95;БКПП;False
6e669994-4e29-47ce-9a8c-9984202467b9;1;Индия;Bajaj;Qute;1988;F;Бежевый;АИ-92;МКПП;False
35178fc0-cfaa-4ff2-8472-57ebc51870bc;6;Великобритания;Ultima;GTR;2021;B;Желтый;АИ-92;МКПП;False
f9352365-77ee-4b15-9dc8-592c6f0bc7ad;3;Германия;Wartburg;1.3;2004;S;Античный Белый;АИ-92;МКПП;False
decffc47-b9af-4f7a-ac11-f7fc73626efe;1;Италия;Pagani;Utopia;1999;D;Лазурный;D;РКПП;False
ca118bac-e6ba-4f44-9b58-e51a36f2a209;0;Малайзия;Perodua;MyVi;1976;M;Розовый;АИ-92;АКПП;False
40ccb08e-24ed-490a-beac-0a159111a77a;4;США;Panoz;Esperante;1981;S;Сине-фиолетовый;D;РКПП;True
cb04f8d5-a122-45ef-9255-c32de433d16f;4;Япония;Datsun;GO;1989;D;Розовый;D;БКПП;False
7d49dca9-e444-4e63-9447-cb7176ae54f6;4;США;DeSoto;Custom;2019;F;Светло-синий;АИ-92;БКПП;False
13a35883-c0eb-4ee3-9233-146ad91f142c;2;Италия;Fiat;500X;2006;j;Пурпурный;АИ-95;БКПП;True
23c76f46-02bc-404d-8d7a-87c0cb9e3c27;3;Южная Корея;SsangYong;Chairman;1984;E;Желтый;D;АКПП;False
f858f112-2b28-4f5b-8e89-5d1c6cab9fdb;0;Россия;АТОМ;01;2000;B;Темно-серый;АИ-92;БКПП;False
3300903f-fd90-49d9-9e5a-aa4d086bb75b;1;Китай;Jonway;UFO A380;1987;C;Коричневый;АИ-92;БКПП;True
015c0f72-4fad-4630-94f7-040ceaa446fa;5;Великобритания;Marlin;Sportster;1993;j;Золотой;D;РКПП;False
cac38075-a5b5-4ad9-a284-9681d35b3f54;4;Китай;FAW;Besturn B50;1996;B;Красный;АИ-92;БКПП;True
2efd2d6c-b483-4f4a-b0e2-fc0ff3ea9eba;4;Германия;Wartburg;1.3;1986;C;Темно-голубой;АИ-92;МКПП;False
bda81a4c-485c-4439-afff-cf01f545f0aa;0;Франция;Alpine;A310;1980;M;Цвет морской волны;АИ-92;РКПП;True
1b964413-12b0-4a80-91a0-4afd8741b287;6;Германия;Brabus;M V12;1971;F;Коралловый;D;АКПП;True
468702a5-835b-4549-872f-03aa6aae664c;6;Великобритания;Zenos;E10;1971;B;Темно-бирюзовый;АИ-95;МКПП;False
d531bda7-70a3-44d0-8830-24d2af5efaeb;3;Россия;Evolute;i-JOY;2017;j;Античный Белый;D;РКПП;True
bafc868b-16ba-4ddf-9039-e890b1f2924d;3;Германия;Trabant;600;1981;E;Цвет морской волны;АИ-92;МКПП;True
48fe584a-b7f4-4857-b94f-ffcba2e76f0d;1;Китай;OMODA;S5;2010;D;Малиновый;АИ-95;РКПП;True
104af045-07e3-400d-9f07-c4f9108956bc;5;Россия;ЗиС;101;2023;M;Каштановый;АИ-95;РКПП;False
fbc6867f-a3a0-44e9-a468-c089bdc902a5;3;Китай;Dadi;Shuttle;1975;D;Пурпурный;D;БКПП;True
00431368-8492-4a80-b2f4-3f83f3cbcfc9;0;Россия;Автокам;2163;2016;D;Темно-розовый;D;МКПП;True
6a06bc3c-2144-4e09-a974-7c7d1627b6b2;4;Китай;KYC;F3;2010;D;Зеленый;АИ-95;МКПП;True
6ecd92e4-037d-4e75-93f1-1b3e94f639f4;6;Италия;Lancia;Aurelia;1999;M;Золотой;АИ-95;МКПП;False
8b64e905-f267-4509-badf-9ca0576b81db;5;Румыния;Aro;24;1971;j;Малиновый;АИ-95;МКПП;True
482304d8-a62c-414d-a308-0341c5457be7;6;США;Rivian;R1T;1992;C;Бежевый;АИ-92;БКПП;True
c7a3fd74-a46b-4ce3-a9dc-dfd7d93ac714;4;Испания;Cupra;Leon;2003;B;Красный;АИ-95;МКПП;False
71fc2414-0b35-4f9a-a788-c7dfd081cf52;2;Китай;GAC Aion;S Plus;2005;F;Коричневый;АИ-95;МКПП;False
da4b8a0a-caf5-4fb0-851c-831fc5573763;6;Китай;Hafei;Princip;2008;F;Бледно-зеленый;АИ-92;МКПП;False
91bdb7a5-d522-4ea3-87dc-8aa20c71cacc;6;Китай;Kaiyi;X3;1997;A;Светло-голубой;D;РКПП;True
76b85dc2-94ca-4f92-85a9-7df76afa5411;3;Китай;Byvin;BD132J (CoCo);1970;S;Розовато-лавандовый;АИ-95;АКПП;True
efdd5168-275b-4043-b8cf-cb78e872bb8c;1;Германия;Maybach;57;1982;M;Светло-серый;АИ-92;РКПП;True
1ad58383-9189-4e81-bdab-7a3b05b48c69;4;Германия;Smart;Roadster;2004;j;Светло-розовый;АИ-95;БКПП;True
bb38db9a-d3cc-4e6c-9034-6a18f4667f66;0;Китай;Lynk & Co;03;1999;A;Цвет морской волны;АИ-92;АКПП;True
5e0fafb6-9105-45a5-bc7c-29dc350af161;1;Чехия;Gordon;Roadster;1979;B;Темно-оранжевый;D;АКПП;True
2218e3e6-e542-451f-af46-bf3fbce6efd9;5;Китай;Haima;S5 Young;2009;A;Фиолетовый;АИ-95;БКПП;False
24f11bb9-69a3-49e6-bb98-3bd21ca15cde;2;США;Ford;Freestyle;1988;S;Васильковый;D;РКПП;True
7dc5f926-a7ec-4ca9-b24c-6a8ee965e0a1;1;Китай;Enoreve;ME5;2007;B;Серый;АИ-95;МКПП;True
66a0631c-38bd-4eab-945b-ced05a7f4ddb;2;Китай;Haval;M6;2014;S;Розовый;АИ-92;АКПП;True
50539ea5-2c39-4895-bd55-2b45d9354ce5;0;США;Renaissance;Tropica Roadster;2019;A;Бледно-Бирюзовый;АИ-95;РКПП;True
16879e07-e508-4c06-9ba9-6ef1e05efb6b;1;Украина;ЛуАЗ;967;1971;A;Ярко-розовый;АИ-92;МКПП;True
1165a3da-c0e1-4e97-9ee7-eab65a151137;1;Китай;JAC;M1 (Refine);2015;D;Золотой;АИ-92;МКПП;False
43fbfdbd-66c4-483d-95f8-2fe073417695;3;Китай;ZX;Grand Tiger;1979;D;Черный;АИ-92;МКПП;True
41068c82-57da-49c3-8eb3-7d910d06ee8a;6;Дания;Zenvo;ST1;2003;M;Бледно-зеленый;АИ-92;МКПП;False
12980710-a4f1-4526-98c6-6da059bb3c70;0;Великобритания;Austin;FX4;1974;A;Синий;АИ-92;АКПП;False
7e0d8403-0bf7-4187-b8ad-d8f8e45c5be3;0;Россия;Ё-мобиль;Ё-Кроссовер;2012;C;Желтый;АИ-92;БКПП;True
9dbe76a3-7be6-4d50-93b7-5a042074a478;4;Чехия;Skoda;Forman;2003;E;Желтый;АИ-92;АКПП;False
f1db93a1-b7ec-49d4-884c-51e5377be28f;5;Китай;WEY;Coffee 02;1973;E;Темно-красный;АИ-95;РКПП;True
f3e8bb9a-86bb-4fff-8fee-3811371e1d3a;3;Турция;Tofas;Kartal;2006;j;Античный Белый;АИ-95;МКПП;False
8662b7ad-3625-4555-96cf-56d0cd351bc8;2;Китай;Changhe;Ideal;1987;M;Розовато-лавандовый;D;МКПП;True
84cb9b84-4f0b-48fa-85e1-1ffca3daaa38;2;Австралия;HSV;Maloo;2013;E;Темно-синий;АИ-92;МКПП;False
f7976bda-fe37-4b37-8621-1068ab0d8b06;5;Китай;Xpeng;P7;2020;E;Темно-бирюзовый;АИ-95;АКПП;False
34b5a5b7-204a-401d-9b9d-74b9afee9db4;6;Китай;ORA;Good Cat;1977;B;Индиго;АИ-92;АКПП;False
ce237e59-f152-4506-8524-a8f03401ea02;0;Китай;Changan;CS95PLUS;2004;B;Фуксия;АИ-92;БКПП;False
b58e9f0d-3995-4ba0-8616-01441a6c8fec;5;США;Overland;Roadster;2004;j;Малиновый;АИ-92;АКПП;False
871797cb-ad9e-47e5-a746-4c81ea953299;1;Южная Корея;KG Mobility;Rexton;1994;j;Темно-бирюзовый;АИ-92;МКПП;True
15fa3d2d-618a-4dca-954f-aaea521fd973;0;Великобритания;Ronart;Lightning;2004;F;Бежевый;АИ-95;РКПП;True
7c70f415-2d96-42aa-b40a-b37d9e689475;1;Китай;BYD;Tang;1981;B;Коричневый;АИ-92;МКПП;False
98801fce-0f26-4a60-9b89-cd8a7f16775d;0;Россия;Автокам;2160;2014;j;Темно-розовый;АИ-92;БКПП;True
7d6fb0c3-ac8f-4859-b43a-eba0dbc1d7d3;5;Италия;Lamborghini;Jarama;2011;F;Хаки;АИ-92;МКПП;False
a270520f-9b69-47d6-a8fa-ba181849080b;5;Китай;Foton;Midi;2005;F;Бледно-Бирюзовый;D;МКПП;False
5c95b465-128a-4238-b5a5-a18a7293f477;3;Румыния;Aro;10;2006;M;Светло-зеленый;АИ-92;БКПП;False
57c719c4-db04-4092-a3c3-c29fe181e001;6;Китай;Rising Auto;R7;2014;D;Темно-голубой;АИ-95;АКПП;False
628567b4-25fc-4045-8721-cc6bb4bafd1b;5;Великобритания;Daimler;X300;1993;E;Сине-фиолетовый;АИ-95;МКПП;False
65bfcf5f-91a9-4df0-bff2-83379a15645a;0;США;Vector;W8 Twin Turbo;1991;C;Бледно-Бирюзовый;АИ-95;АКПП;False
b712ee37-0665-442d-94c7-fdd716d19eda;5;Германия;DKW;3=6;2011;C;Сине-фиолетовый;D;АКПП;True
069dac34-4f89-4617-871f-ab3e7783db26;0;Китай;Zeekr;009;1991;F;Коралловый;АИ-95;БКПП;False
75103069-5a29-47ef-a984-3dd4439d7ef5;5;Япония;Mitsubishi;500;2018;M;Васильковый;D;БКПП;False
466ffb75-943b-4b7b-b83f-a34320e117e9;5;США;Geo;Tracker;2014;B;Розовый;АИ-92;БКПП;True
434a2b66-9dcb-400b-aff6-76d749596e33;4;США;Plymouth;Reliant;2007;j;Тусклый серый;АИ-92;МКПП;True
c41fb163-87b2-47aa-9cc2-f5ab675b95bd;3;Китай;Xpeng;G9;1996;D;Темно-красный;АИ-92;МКПП;False
b0026bb3-d4c9-4ed5-b3d6-14d312688369;2;Южная Корея;KG Mobility;Torres;1987;D;Сине-фиолетовый;АИ-92;БКПП;False
d24d9743-ec58-4957-a59e-1d9898c1ebbb;2;Россия;LADA (ВАЗ);2113;1996;B;Розовато-лавандовый;АИ-95;РКПП;False
18e1c2e6-e747-43e8-96a4-0cb863f16f59;2;Франция;Venturi;400 GT;2017;S;Серебряный;АИ-92;РКПП;False
40141ebc-7895-4b73-ae79-96551c85c9a5;3;США;Batmobile;1989;2011;E;Темно-фиолетовый;АИ-92;БКПП;False
b6d99c02-9224-4837-946c-cbde7c653edd;4;Япония;Infiniti;EX;2012;E;Темно-зеленый;АИ-95;АКПП;True
5f1bd595-9075-4008-8374-2aec0271813f;5;Китай;BAIC;Luba (XB624);1973;C;Темно-красный;D;МКПП;False
7b2b4a27-98ad-4eb7-b177-e328298a7b91;5;Китай;Xpeng;G3;2000;B;Лазурный;АИ-95;РКПП;False
44f23c9c-c0f3-40b3-9a10-e8c60e5cf7de;0;Италия;Tazzari;Zero;2010;D;Темно-синий;АИ-95;РКПП;True
7231173d-942e-40a1-9f1e-25f0679eda23;5;Израиль;Zibar;MK2;1974;A;Шоколадный;АИ-92;АКПП;False
f47a3a34-48f0-4181-8437-b1c16b3f3f2b;5;Китай;Enoreve;ME5;1985;C;Темно-розовый;АИ-95;АКПП;True
b120eaaa-c9c3-46c4-bbc9-99af0d1ad51e;1;Великобритания;Lotus;Excel;2006;B;Сливовый;D;МКПП;False
7a509d7d-f660-4243-8d7a-68ed3ab35ae4;2;Китай;Qingling;Taga H;1985;B;Коралловый;АИ-92;БКПП;True
d1b18529-572f-4a44-a2f9-8e3bb529676b;6;Великобритания;MINI;Clubman;1977;E;Светло-синий;D;БКПП;True
4d216fd7-9250-4e5a-9505-647cda7423eb;4;США;Pontiac;Montana;2012;S;Бледно-зеленый;D;АКПП;False
9389e6fa-b81c-498a-a775-bb2b962228ca;4;Россия;Комбат;Т98;2003;A;Светло-голубой;АИ-92;БКПП;False
1ab54074-264f-4036-91c7-9e08b5c8c4a7;5;Китай;Hafei;Sigma;2017;M;Индиго;АИ-95;БКПП;True
a3042156-617f-4c49-84ff-f6e99d69ba53;6;Россия;Ё-мобиль;Ё-Кроссовер;2017;D;Темно-зеленый;АИ-95;МКПП;True
8842d146-0079-4569-ae98-73004d20a181;2;Россия;Sollers;ST6;2010;F;Оранжевый;АИ-95;МКПП;False
c507f109-af83-40de-9fc6-35f1619d4311;1;Великобритания;Metrocab;Metrocab II (TTT);1999;D;Темно-бирюзовый;D;РКПП;False
83fe7c85-844f-49b6-b030-bca70d002733;6;Малайзия;Proton;Arena;1988;D;Коралловый;D;РКПП;True
e88741a0-2ad4-4a75-9708-667c23901cfb;4;Япония;Toyota;Venza;1990;A;Ярко-розовый;АИ-95;РКПП;True
c08d2256-2735-4212-931e-718cb7642ddc;1;Китай;Changhe;Ideal;1985;j;Фиолетовый;АИ-95;АКПП;True
5964a51e-e967-4591-a5ee-17dd8f6f8a5c;5;Германия;Wiesmann;Roadster;1985;A;Желтый;АИ-92;БКПП;True
8953692d-94e2-4690-83cb-2f85c9383b10;0;Швеция;Saab;9000;1983;E;Розовато-лавандовый;АИ-95;БКПП;False
8c0e9e75-a0de-4ac1-99a9-cdfcabac3a98;6;Великобритания;Caterham;21;1991;A;Серебряный;АИ-92;АКПП;False
1b850ff3-0522-47de-be91-145b3fc7a508;3;Великобритания;Noble;M12 GTO;2017;D;Светло-серый;АИ-95;БКПП;False
1231b8b9-9cc3-4c24-bcac-0b06ea343a5c;0;США;Hennessey;Venom GT;1984;j;Бледно-зеленый;АИ-92;БКПП;False
030ad4ed-283c-45ba-bbf6-f21df8366c5f;0;Германия;Horch;830;1994;S;Светло-серый;D;РКПП;False
c0d17e0a-d765-4b3d-9abf-9f73a6d548d1;6;Китай;Haval;M6;2009;M;Светло-розовый;АИ-92;РКПП;True
3de29591-e9a8-4968-9369-269f26ec7c6b;0;Великобритания;Ariel;Nomad;2004;j;Светло-серый;D;МКПП;False
34358394-062d-42b2-ae11-cc934aaa6fea;1;Россия;ЗИЛ;111;1975;S;Оранжевый;АИ-95;МКПП;True
9221022b-76da-4245-bea1-5c2d420ab2bb;5;США;Jeep;Comanche;2005;S;Черный;АИ-92;РКПП;False
e8901926-cbbc-4b71-b8f2-385a08715972;4;США;Pontiac;Sunrunner;1997;S;Темно-фиолетовый;АИ-92;БКПП;False
bd1af2c8-5757-4ec2-8bd9-696cf1fab55a;1;Китай;ChangFeng;Flying;1971;S;Светло-розовый;АИ-95;БКПП;True
6f93fe68-b3c9-4c3e-9d9e-5a5adfd860c1;3;Франция;Renault;Vel Satis;1996;B;Золотой;АИ-95;МКПП;True
0e83a0c0-0f2e-49d8-bca0-e0d93844a4f8;3;Франция;Alpine;A110;1992;B;Цвет морской волны;АИ-95;МКПП;True
49ce5042-b45f-4e98-8a86-8c717dadd686;0;США;GMC;Yukon;1995;F;Бледно-Бирюзовый;D;МКПП;True
d5f41aea-5e51-4d87-abbc-958b837b3b78;2;Китай;Roewe;RX5;2008;S;Лазурный;АИ-95;РКПП;False
892db6cd-284e-4aea-8fdb-078c2a996490;0;Чехия;Skoda;Roomster;1996;D;Светло-синий;АИ-92;РКПП;True
90c4707f-bb66-4f3c-920f-80aa1cb6bc0a;2;Германия;Trabant;P50;2000;j;Бирюзовый;АИ-95;МКПП;False
c9963b77-39aa-4c8a-9898-979ba6b13601;3;Россия;ТагАЗ;Aquila;1980;j;Темно-розовый;АИ-95;МКПП;False
d6280523-b1dc-4782-9b9c-a1437cc85723;4;Вьетнам;VinFast;LUX A2.0;2016;M;Светло-серый;АИ-92;АКПП;False
c7da1d07-5b5d-4e01-8d2b-100fad409221;1;Россия;ТагАЗ;Tager;2011;A;Черный;D;БКПП;False
3b83924c-0f3b-4b95-8785-f01eda21bdab;1;США;Dodge;Aries;1985;B;Коралловый;АИ-92;МКПП;True
49989104-915e-444d-b5f3-c4078138952c;1;США;DeSoto;Custom;2021;B;Зеленый;D;МКПП;False
e5458be7-794e-4468-b039-bd5e5b2002ec;6;Китай;Landwind;X6;2001;S;Желтый;АИ-92;АКПП;True
d672d0d2-9e42-417b-b648-fa0d021b3a90;3;США;Callaway;C12;2020;D;Оранжево-красный;АИ-95;МКПП;False
01789b4c-21a6-4e00-84ea-3989c5f83bc1;5;Россия;DW Hower;H3;2023;D;Ярко-розовый;D;МКПП;True
93894008-d63e-4e44-acbf-d887abe909fc;2;Китай;Qingling;Taga H;1978;E;Фуксия;D;БКПП;False
3b1b2815-4711-4c09-bd66-715796ac4861;1;США;Panoz;Esperante;1995;M;Светло-синий;АИ-95;АКПП;True
0bc841c8-3e36-4660-9d9d-c08c51c73c4a;5;Италия;Lancia;Hyena;1984;A;Золотой;D;БКПП;True
4cea087d-be1e-47bc-9c0e-98cb8c75eb63;0;Швеция;Koenigsegg;CC8S;1986;A;Коричневый;АИ-95;АКПП;True
4da1aa60-a5d8-4871-9656-4eafda571d63;2;Великобритания;Metrocab;Metrocab II (TTT);1978;B;Темно-синий;АИ-95;БКПП;True
edada60f-a67a-4972-904b-881a03a91646;0;Россия;Комбат;Т98;1984;D;Черный;АИ-92;БКПП;False
24b0b8f5-47e6-4cfd-b887-f73760d8bca9;5;Китай;Changan;Kaicene F70;1995;j;Бледно-зеленый;АИ-92;МКПП;True
12fb0178-0f52-4d83-94bc-156ebc8d21e0;3;США;Excalibur;Series IV;1979;F;Синий;АИ-92;БКПП;False
c3fc8cb8-4150-4c7d-a635-d74963630b1f;6;Италия;Qvale;Mangusta;2010;M;Серый;АИ-92;АКПП;False
a35baad0-4735-412b-a0a4-d8dd8f77bdf4;5;Россия;Москвич;434П;1987;B;Темно-зеленый;АИ-95;РКПП;True
d7ad6378-1f90-4a87-a8ff-45a645537471;5;Россия;Руссо-Балт;С24;1979;D;Пурпурный;АИ-95;АКПП;False
fa41b279-a206-49ad-9bcc-7cef00053fd8;1;Иран;Saipa;Tiba;2020;S;Фиолетовый;АИ-95;АКПП;True
fc35c745-062e-43a6-9558-c8417ea0e380;6;Иран;Iran Khodro;Tara;1991;A;Темно-красный;D;БКПП;False
c26a8377-f051-4a97-b146-4f770c432480;5;Япония;Infiniti;Q50;2023;F;Лазурный;АИ-95;АКПП;True
26265ff4-46f2-4342-8669-a0742fff0637;6;Италия;Maserati;Mexico;2005;B;Сине-фиолетовый;АИ-95;МКПП;False
9f6df4e1-aaea-42b5-8cba-619237fe7ad5;5;Великобритания;McLaren;570S;2014;S;Темно-фиолетовый;АИ-92;МКПП;True
036b8e4e-d5d7-462d-b4a9-236487950d1f;6;Китай;Ciimo (DongFeng-Honda);M-NV;1980;B;Темно-фиолетовый;АИ-92;БКПП;False
ab6c03e1-0909-442d-af8a-e1c381610242;4;Китай;Lynk & Co;03;2001;A;Темно-розовый;D;РКПП;True
66acdfc6-3c48-42f3-8e77-9b880539d698;1;Германия;Hanomag;Rekord;2007;C;Темно-синий;D;БКПП;True
ab2e6fb0-9d67-4d3f-af78-be5de39778cb;5;Италия;Osca;2500 GT;2015;A;Белый;АИ-95;МКПП;True
d3c3e884-4d8d-420d-963f-d0252bd7a2ca;2;Италия;Fiat;2300;1985;F;Аквамарин;АИ-95;МКПП;True
db3eaff9-e4c8-4899-a756-7a4ac41f3b95;5;Япония;Nissan;Frontier;2018;M;Шоколадный;D;РКПП;True
9a7e6bd3-9218-4aae-92ad-3546d3fb0765;6;Китай;Hawtai;B21;2008;C;Темно-фиолетовый;АИ-92;РКПП;False
ba8e4a14-6024-46f0-a915-d38ef4c498a9;1;США;Lincoln;Corsair;2002;E;Темно-голубой;D;БКПП;True
b678cf07-f0ca-4ee9-ae29-52d46d628ef4;0;Китай;Enoreve;ME5;2017;F;Коричневый;АИ-95;АКПП;False
443ee415-602c-4d44-9d3b-f23d8da9e14d;2;Южная Корея;KG Mobility;Tivoli;1990;A;Светло-синий;АИ-92;АКПП;False
8e1c1345-4217-47a3-8bfc-9b26112db55c;2;Великобритания;Talbot;Samba;2009;S;Синий;АИ-95;АКПП;True
32257c68-9b83-469c-b705-16509cb6c6db;3;Китай;Byvin;BD326J (Moca);1991;F;Тусклый серый;АИ-92;РКПП;False
05ee427d-35ac-4117-a480-f1de41a0e72b;4;Россия;LADA (ВАЗ);2123;2011;M;Темно-серый;D;РКПП;True
4d3f6d0c-ccb2-4c49-b0e2-d9572fac990c;4;Германия;Wiesmann;GT;2010;S;Желтый;АИ-92;МКПП;False
7c2f3958-dfda-4bd4-b6a0-a15cc08b8b3a;1;Китай;Dadi;Smoothing;1991;A;Светло-голубой;D;АКПП;False
aa2a8a16-63a7-43b0-809b-7e917326efd2;2;Италия;Alfa Romeo;6C;1996;j;Оранжевый;АИ-95;МКПП;False
294285aa-2560-43d4-9fda-7d04018b0466;6;США;Studebaker;Golden Hawk;1993;M;Шоколадный;АИ-92;МКПП;False
932808a6-ae45-4acf-a2b3-995b1be31613;6;Китай;Venucia;V-Online;2000;C;Темный хаки;АИ-92;МКПП;False
c6d9a895-a1e9-4906-b459-2c7a9846d1d6;5;Румыния;Aro;24;1988;A;Светло-синий;АИ-92;МКПП;True
e626e4b9-c4b0-4e9c-b684-4a4e8292441e;0;США;Pontiac;Sunfire;1994;S;Оранжевый;АИ-92;РКПП;False
e7e65568-6688-4b2b-a83e-58fd7ebbc4e8;3;Великобритания;MINI;Hatch;1998;S;Светло-зеленый;АИ-95;АКПП;True
953949cc-d80d-407b-bf2a-9770ebf8ad2d;5;Китай;SWM;X7;2009;C;Светло-желтый;АИ-95;РКПП;True
ead884cd-7fbb-40d5-ae65-fa0ca2760d22;6;Швейцария;Minelli;TF 1800;1988;M;Золотой;АИ-92;РКПП;False
5e570983-230a-4b3a-8cbb-f56bc4ac13e5;4;Китай;Tank;300;1972;B;Светло-синий;D;БКПП;True
2e4bc94e-521a-4d61-b8c4-236102c33818;6;США;Dodge;Charger;2009;E;Темно-зеленый;АИ-92;МКПП;True
a1ca23d0-5f9b-466d-8842-1e432846e966;1;Китай;Jaecoo;J7;2011;B;Белый;АИ-92;АКПП;True
77fc6791-df43-4da1-81ea-1189ceaba464;2;Япония;Mitsubishi;Lancer Evolution;2021;B;Розовато-лавандовый;D;АКПП;False
166c2c05-b0ad-4f06-b198-eeb86bc074ea;5;Китай;BAIC;BJ40;1974;j;Оранжево-красный;АИ-92;АКПП;True
136bb87e-0887-484d-b4a1-bc56f34f1f20;1;Франция;JMEV;GSE/Yi;2014;B;Темный хаки;АИ-92;АКПП;False
fb4bffc0-6119-4365-82a2-070eb5656217;3;Германия;Isdera;Imperator 108i;2020;A;Бежевый;АИ-92;РКПП;True
0c590b1d-cd5e-4525-8b03-00759b6d45f9;4;Южная Корея;Renault Samsung;QM6;1971;E;Аквамарин;D;БКПП;True
0e03bb33-1e0f-4a01-ae65-030bce56c3f3;4;Франция;Renault;Clio V6;1992;B;Розовато-лавандовый;АИ-92;РКПП;False
882f3c25-d409-4d4d-b0ab-ab94b8195ced;5;Россия;Marussia;B2;1994;C;Античный Белый;АИ-95;РКПП;True
ad9fb206-0725-4849-9bf7-194cfc565690;1;США;Packard;One-Twenty;1970;S;Хаки;АИ-92;МКПП;False
9254131f-3e90-4b11-88ef-8bf6d253f241;2;Китай;Everus;VE-1;1993;D;Розовато-лавандовый;АИ-95;МКПП;True
f7c5c1d4-d048-405e-9c54-7bc0353b6014;3;Китай;Livan;X3 Pro;1992;F;Серый;АИ-92;РКПП;False
d29465fb-2756-4eb5-9b2a-753f1901baa1;4;Китай;Forthing;Lingzhi M5;1989;j;Фиолетовый;АИ-92;МКПП;True
e2c9a865-7467-45c1-b7fb-6068640649b3;4;Китай;Jetour;X70;1980;D;Черный;D;РКПП;False
93fa7440-79f1-432b-8024-291484e20fd1;0;Германия;Goggomobil;TS;1985;j;Золотой;АИ-95;РКПП;True
f32a1c9b-694f-47a7-b649-75badde9a90a;3;Россия;Автокам;2160;1983;j;Бежевый;АИ-92;БКПП;False
78fcf3ea-6ad6-4f49-923b-318f0120786a;6;Италия;Cizeta;V16t;2021;B;Аквамарин;D;АКПП;False
9663b073-3444-491e-84df-9a91100aec04;0;Швейцария;Rinspeed;Chopster;1994;C;Лазурный;АИ-92;МКПП;False
949f394b-93b7-4a87-a3ec-0b70a004253d;3;Великобритания;LTI;TX;1982;C;Желтый;АИ-95;МКПП;False
754e1a24-9115-4efd-9c77-708a993e7200;3;Япония;Toyota;Sera;1980;j;Светло-розовый;АИ-92;АКПП;False
f391c147-96e3-4f64-866e-d67d8b3e1039;2;Китай;SWM;G05;2001;C;Светло-серый;АИ-92;БКПП;False
f6d223a9-30a2-4717-b58c-24ed8cef9231;2;Иран;Iran Khodro;Samand;1970;S;Оранжевый;D;АКПП;True
62bdd2e1-ff98-485c-bb82-fb92a3f6eaa4;2;Китай;Livan;X3 Pro;2019;F;Темно-серый;АИ-95;АКПП;False
1797905f-47ec-4c64-a77d-4c8839623600;6;Великобритания;Vauxhall;Ampera;1973;M;Шоколадный;АИ-95;БКПП;False
774c6ee1-b937-4e6a-b878-33ec2787ac24;1;Китай;Geely;Emgrand EC8;1990;B;Белый;D;АКПП;False
1fffe5a0-cfd4-4bbc-8566-31a46c66b5cb;3;Китай;Nio;ES7;2004;D;Белый;АИ-92;АКПП;True
a0266f7a-06a0-49c8-b57d-93695b313bbf;4;Германия;Messerschmitt;KR200;2002;B;Сливовый;АИ-92;АКПП;True
4176a2c4-edf2-4b9e-9ad0-b161434f04b3;2;Россия;Flanker;F;1975;M;Сине-фиолетовый;АИ-92;АКПП;False
5a4ee6a0-caa7-489d-bbb8-caceea7e0031;3;Китай;HiPhi;Y;2010;B;Шоколадный;АИ-92;АКПП;True
9c8c4392-aa92-49ee-9d67-8aa06055f734;4;Китай;Lifan;Murman (820);2020;M;Коричневый;D;АКПП;False
16d826cc-5437-4ca8-9224-bb2ebe8d4aab;0;Мексика;VUHL;05;1988;D;Античный Белый;АИ-95;БКПП;False
0f524be7-40ea-45db-be57-6c30915621dc;1;США;Saleen;S7;1994;F;Тусклый серый;D;РКПП;True
d5aadd9d-2a93-42f3-bd91-e4b0a170db79;6;Австрия;KTM AG;X-Bow;2005;S;Индиго;АИ-92;БКПП;False
5bb04518-63df-44b6-871c-254bbd40b436;3;Россия;LADA (ВАЗ);2110;1976;M;Светло-зеленый;АИ-92;РКПП;False
b40825ab-16b3-46ce-b263-dfd5aca9852d;6;США;Batmobile;2018;2012;F;Темно-розовый;D;РКПП;True
cd34d49d-6f49-4a67-af2d-026ed76ea1d0;3;США;Studebaker;Golden Hawk;1996;j;Аквамарин;АИ-95;АКПП;False
33a5450c-b7d5-49bb-8c08-232374cf9880;2;Великобритания;Ariel;Atom;1970;j;Белый;АИ-92;МКПП;True
1b02a48c-957f-482f-a977-4147b9f436d0;6;Япония;Isuzu;Bighorn;2008;S;Бледно-Бирюзовый;АИ-95;БКПП;True
ad66d034-2c51-4118-bf19-2b5fe0aa7577;3;Швеция;Polestar;2;1991;A;Зеленый;АИ-92;РКПП;True
09f5b518-6396-4a79-9efd-9f7b8be911ba;4;Великобритания;AC;Ace;2009;M;Античный Белый;АИ-92;МКПП;False
dd839045-874d-4562-8cfa-249f8c93655b;1;США;DeSoto;Custom;2002;D;Розовато-лавандовый;АИ-95;БКПП;True
c36502fa-1e3d-457f-a511-b1d8172830ef;1;Латвия;Baltijas Dzips;BD-1322;1999;A;Синий;D;РКПП;False
f78d8087-0e33-4abe-8d8d-a1bbb6bfa680;4;Испания;Tramontana;Tramontana;1975;F;Бледно-зеленый;АИ-92;МКПП;False
907cc52e-eaec-4936-91c9-d59199e3f181;3;Германия;Volkswagen;Pointer;1998;C;Темно-розовый;АИ-95;БКПП;True
fa1e9886-ed0f-4b0f-8ab8-6b0b43245e91;3;США;Buick;Lucerne;2023;E;Серый;АИ-92;МКПП;False
9df7f4d2-2689-4d17-bcde-4a552ba274e6;0;Латвия;Baltijas Dzips;BD-1322;2018;j;Черный;АИ-92;РКПП;False
801da558-5f03-4d0a-bd36-d33c6241fd3f;5;США;Pontiac;Aztek;1984;M;Красный;АИ-95;АКПП;False
08cc23c3-e48a-480e-88cc-f5182d3bbad4;4;Италия;Innocenti;Mini;1972;M;Темно-бирюзовый;АИ-92;АКПП;False
cb5fb1af-6683-4de9-b5fa-fe2c6e3cdef6;5;Австрия;Steyr;1500;2014;B;Сливовый;АИ-95;МКПП;False
312bce48-8490-4fa4-bc78-94b778cacfc2;5;Россия;Спортивные авто и Реплики;Багги Type 1;1975;D;Хаки;АИ-95;РКПП;False
8986c3b9-5d21-4f72-92ba-b1994e71ac42;1;США;Overland;Roadster;1997;E;Античный Белый;D;АКПП;True
4349e011-5859-4e46-9a0f-db7a8e4c6607;5;Великобритания;Austin;Montego;1983;A;Фиолетовый;АИ-95;МКПП;False
1ac4778a-2623-401f-a8a4-e59122cb7568;5;Италия;Tazzari;Zero;2012;C;Черный;АИ-92;АКПП;True
2c341951-9d52-4916-9d2b-d1c104c5b40e;3;Германия;Volkswagen;Talagon;1978;j;Светло-синий;АИ-92;АКПП;True
852bdf0a-e188-4b2e-8cf8-cbe589798d2c;2;Китай;Ciimo (DongFeng-Honda);M-NV;2023;D;Бежевый;АИ-95;РКПП;True
22b4b41f-e200-499a-99d0-ffc4a08b65b4;4;Израиль;Zibar;MK2;1994;B;Светло-зеленый;АИ-95;АКПП;True
5c0eff23-bb31-456a-9117-05547603b500;1;Китай;Zeekr;X;2001;A;Золотой;АИ-92;АКПП;False
b397e3e1-1cbd-4532-b4d9-b6caee176ad1;2;Франция;Mobilize;Limo;2009;E;Бирюзовый;АИ-95;АКПП;False
64e5b9ae-553a-4f3e-b292-81dfa40fb386;0;Китай;LiXiang;L7;1975;D;Ярко-розовый;АИ-92;РКПП;False
99b54f6a-85d2-4d58-a32a-50df7310b371;3;Китай;FAW;Oley;2011;A;Светло-зеленый;АИ-92;РКПП;True
24ac0bbc-1fde-4968-935a-46f257a076fb;0;Великобритания;AC;Aceca;1985;C;Темный хаки;D;МКПП;False
f7ea68d9-de25-40f7-8928-984678d944e5;3;Россия;Руссо-Балт;С24;2015;F;Светло-синий;АИ-95;АКПП;False
26c26268-6d38-482c-bd0e-b07237a1ede3;5;Франция;Alpine;A110;1976;D;Темно-серый;АИ-95;БКПП;True
947ebe7c-a6aa-4967-99c8-83d863eda4b5;2;США;Auburn;Speedster;1993;M;Фиолетовый;D;РКПП;True
075c89f6-66bd-4b8b-b6a8-7b99f210cce4;2;США;Chrysler;Fifth Avenue;2015;S;Темно-синий;АИ-92;МКПП;True
fed3bd33-d24c-4795-8db8-7b563bf0fa85;3;Великобритания;LTI;TX;1974;j;Каштановый;D;БКПП;False
37168dbb-0670-41a0-a240-a35275710d9e;3;Индия;Bajaj;Qute;1994;j;Слоновая кость;АИ-95;РКПП;True
4ff99a47-4a58-4e7b-8949-b54b0442ef0e;1;Германия;Porsche;Cayman;1984;C;Серебряный;АИ-95;БКПП;True
b137e32f-3e8d-43ef-9b47-690cebb681e8;3;Китай;Skywell;ET5;1984;C;Желто-зеленый;АИ-95;БКПП;True
69f5b189-fe0d-4c24-9423-30a59b8356d3;0;США;Lucid;Air;1975;C;Оранжево-красный;АИ-95;БКПП;False
43d47688-f36e-405f-b431-f89a80a12f17;4;Италия;Bertone;Freeclimber;1997;j;Бледно-зеленый;D;БКПП;True
c82c2eef-6741-472a-835e-961f5f846a56;6;Россия;LADA (ВАЗ);2121 (4x4);1983;D;Розовый;АИ-95;БКПП;True
dac76d9d-3cd9-4976-889a-da9a61c17f95;2;Франция;Mobilize;Limo;2007;F;Бледно-зеленый;АИ-92;МКПП;False
ada5950d-ad76-4c7f-8b9e-256ba2556b55;3;Китай;Nio;EC7;2021;B;Бледно-Бирюзовый;D;МКПП;True
c6fd13e7-c13f-4682-a965-f72dd3e32a6a;5;Германия;BMW;2 серии;1981;D;Малиновый;АИ-95;БКПП;False
90dea48b-7fc3-4cba-9867-cb15ab0fb18e;5;Южная Корея;Kia;K5;1990;S;Черный;D;АКПП;False
020b3189-7b8f-417a-bfcb-04562adcb419;0;США;Lucid;Air;2009;E;Светло-зеленый;АИ-92;РКПП;True
c39e98ee-0790-4cf3-975b-117721883822;4;Индия;Premier;118NE;2021;j;Коралловый;АИ-92;РКПП;False
344072d2-9601-48a8-8f18-f628041512fc;1;Великобритания;Austin;FX4;1994;S;Серебряный;АИ-92;БКПП;False
11896c6a-59d1-470a-83ed-468365e86b45;2;Великобритания;Vauxhall;Velox;2001;j;Темно-оранжевый;АИ-92;БКПП;False
4d89f601-2408-470d-86da-471c83cfa50e;6;Испания;Hispano-Suiza;K6;2003;A;Сине-фиолетовый;D;РКПП;True
533db246-9fd6-4ee2-9dbe-29d930fbd60a;2;Китай;GAC Trumpchi;E9;1972;E;Сливовый;D;АКПП;False
52a45f55-ea14-455b-8e6c-2987a0e6e288;4;Турция;Tofas;Serce;2013;D;Золотой;АИ-95;АКПП;True
915c17b3-dbad-4780-887b-fefbac8e9073;6;Китай;KYC;F3;2007;M;Васильковый;АИ-95;АКПП;False
18ba289e-2e0c-4514-8ff9-c6cf2396d908;6;Израиль;Zibar;MK2;1991;j;Фиолетовый;АИ-95;АКПП;False
82909dd4-7ff4-4cbd-bc76-c93c57262d92;2;Франция;Citroen;C3 Picasso;1993;F;Малиновый;D;БКПП;True
bd64abed-f819-4473-911f-a1e72669c3a3;2;Франция;Microcar;MC;1987;E;Темно-синий;D;АКПП;False
56322de3-e397-479f-b5c8-c80cb9f8183c;4;Великобритания;Jaguar;X-Type;2008;M;Слоновая кость;АИ-95;МКПП;False
ab3c6c43-1888-4af1-ab61-179e5b6fbaf0;5;Китай;Seres;SF5;2014;F;Пурпурный;АИ-95;БКПП;True
676864a2-b0dc-45e3-8be5-613b01483169;3;Великобритания;Lotus;Excel;1977;F;Сливовый;D;АКПП;False
3e531bca-d108-4f27-8a00-8b560f17db68;4;Южная Корея;SsangYong;Korando;1977;F;Тусклый серый;D;РКПП;True
4f41d328-3b9e-4eee-b775-9daaa2306c24;5;США;Hennessey;Venom GT;2014;S;Цвет морской волны;АИ-95;РКПП;True
678f2c2f-3da7-474d-9724-2eaa54c0f003;5;Россия;АТОМ;01;1972;S;Бледно-Бирюзовый;D;БКПП;False
838c2c7f-1bdf-4984-9a5b-e5178e358cd9;5;Бразилия;Puma;GTE;1995;A;Синий;АИ-92;АКПП;False
bdac27ec-f2e6-45cd-892b-5f2d77c8a205;3;Китай;Kaiyi;X3 Pro;2019;C;Слоновая кость;АИ-92;МКПП;True
ad103894-54ba-4f65-911d-4e2d608fc1f7;0;Великобритания;Invicta;S1;2022;F;Цвет морской волны;D;БКПП;False
216a7598-ed21-4fac-9a8d-8b32eee6ec27;5;Китай;Shanghai Maple;C51;2000;A;Индиго;АИ-95;АКПП;False
f3ae57b4-11f8-4c0f-8641-f9141ff988fb;5;Китай;Voyah;Dream;2018;j;Малиновый;АИ-95;БКПП;False
c3b9aa00-5640-4822-aff0-07b79bb77e71;3;США;Overland;Roadster;1997;F;Светло-голубой;АИ-92;РКПП;True
50ad6f4b-954b-46da-b3a1-fbf2afeb0de8;0;Украина;ЗАЗ;968;2003;E;Синий;АИ-95;АКПП;True
09712040-b53c-4772-b52b-f9723668d164;0;Китай;Aiways;U6;2012;F;Сине-фиолетовый;АИ-92;МКПП;False
fe233f0d-2cb7-4c52-8ec5-43e1a5f65f52;0;Германия;Auto Union;1000 Sp;1995;A;Темно-бирюзовый;АИ-95;БКПП;False
b5a63338-624a-4167-92ee-55b62994e152;0;Германия;Alpina;C2;1973;E;Розовый;D;РКПП;False
f27b1ce3-7666-4beb-ab9c-826024520981;2;Вьетнам;VinFast;VF9;1990;j;Серый;АИ-95;МКПП;False
64412e18-46d6-442b-b765-a9eb0972b414;4;Россия;Руссо-Балт;С24;1981;A;Пурпурный;АИ-92;БКПП;True
38424170-56b4-4b3a-b465-9278908658aa;1;Великобритания;Westfield;SEi & Sport;1985;C;Желто-зеленый;АИ-95;МКПП;False
f41460f4-9069-41da-9b83-0be5d1c78bd7;1;Россия;Evolute;i-VAN;2003;A;Фиолетовый;D;МКПП;False
a28bc853-8f96-4bde-b45e-db8da4286c33;4;Россия;Derways;Cowboy;1972;B;Хаки;АИ-95;РКПП;False
f4468496-22e2-4b1d-99e0-be8ed90dc09b;0;США;Plymouth;Cranbrook;2017;A;Тусклый серый;D;РКПП;False
da8294f2-9668-4270-9dad-8db7a1a7cfe7;2;Япония;Daihatsu;Mira Cocoa;2012;A;Оранжево-красный;АИ-92;МКПП;True
26cf7c1b-bb7e-447f-9e66-3c20f78e03c7;3;Южная Корея;Asia;Rocsta;1998;E;Серебряный;АИ-92;БКПП;False
8636a89c-43e5-4039-b848-633b765e2a68;3;Китай;Jetta;VS7;2000;D;Цвет морской волны;АИ-92;МКПП;False
42dce00a-4988-4608-8e3a-c2509e681918;5;США;Pierce-Arrow;Twelve;2000;C;Коралловый;АИ-95;РКПП;False
06fbe8de-a11c-4a85-b103-30e59b8b17e6;5;Китай;Enovate;ME7;1976;B;Зеленый;АИ-92;РКПП;True
2740221d-d649-4fb9-8777-226bfc9cf8a5;2;США;Tesla;Cybertruck;1992;B;Темно-бирюзовый;D;АКПП;True
7dc84849-76a3-44dc-972e-ca65b589892d;2;Китай;Baojun;RS-3;2011;D;Бирюзовый;АИ-92;РКПП;True
a4e6aec4-4d12-4612-873c-5a0c327e941c;0;Италия;Cizeta;V16t;2012;j;Цвет морской волны;АИ-95;РКПП;False
0146f28d-f3d9-42ca-8115-a65979e552da;2;Китай;GAC Trumpchi;M8;1985;M;Темно-оранжевый;АИ-95;БКПП;False
fd0a3d18-afa9-422b-a205-675d1956663f;5;Китай;Hafei;Princip;2020;C;Коричневый;D;АКПП;False
95a37c79-7164-47a0-b8a2-492adbb63812;1;Великобритания;Austin Healey;100;2006;D;Бледно-Бирюзовый;D;МКПП;True
f6e83ff4-a154-43bc-ae43-db805e0a2b8c;2;Китай;Maxus;G50;2021;S;Темно-синий;D;РКПП;False
d521c991-7bfb-4881-8cf9-82a180637ae7;0;Япония;Isuzu;Hombre;1988;F;Темно-голубой;АИ-92;АКПП;True
5fd7fca7-01a2-4e33-b76b-0c9658dd8e09;1;США;Callaway;C12;1995;j;Оранжево-красный;АИ-95;БКПП;True
fed5b8de-acfb-4a4f-8795-f19ebd9ce1ae;0;Япония;Toyota;Estima;1979;E;Темный хаки;АИ-95;БКПП;False
cf96d024-f813-44d5-aed6-3ff9d0171908;4;Франция;DS;3;2002;D;Бирюзовый;АИ-92;БКПП;False
31fdce45-7eb5-48b1-9c7a-d76f5bc67659;6;Германия;Wiesmann;Roadster;1971;E;Индиго;АИ-92;РКПП;True
ff7157fa-efc9-4544-9aa4-dd2e366e8546;0;Испания;Tramontana;Tramontana;2005;M;Бежевый;АИ-92;БКПП;False
429f7e38-5f1c-498e-9f7f-df83d1f55ba0;4;Великобритания;Talbot;Avenger;1992;B;Темно-фиолетовый;АИ-92;АКПП;True
0fb19fd8-4d20-4e21-8c4a-1093daf51cd7;5;Россия;Doninvest;Orion;2018;E;Темно-зеленый;АИ-92;МКПП;True
aee12371-e7b7-4869-8f8c-ab2496e973f4;2;США;Callaway;C12;2002;C;Слоновая кость;D;БКПП;False
06a5d99e-68fe-44a8-b2cf-39ac1da1cde5;2;Великобритания;Caterham;Seven;1995;C;Темно-синий;D;АКПП;True
341a3abd-adb0-46e6-8946-6a96cc5c1e06;2;Китай;Xin Kai;Pickup X3;2005;D;Красный;АИ-92;БКПП;False
9dab1321-7ed0-4c10-aaec-2c24dcca3aaf;2;Великобритания;Jensen;S-V8;2009;E;Лазурный;D;РКПП;True
653587e8-ec76-43c4-9a68-5b0e01f1be8f;1;Латвия;Baltijas Dzips;BD-1322;1992;M;Темно-розовый;АИ-92;МКПП;False
b667976b-2264-4f34-9e16-890744002b5d;2;Италия;Lamborghini;Egoista;1994;j;Коричневый;АИ-92;АКПП;False
1310e968-47ab-4fe6-9497-281ce8d2cbf9;1;Великобритания;TVR;Cerbera;1980;A;Малиновый;АИ-95;РКПП;True
d3e0dc28-a740-493b-9f11-2e70a6e4d331;6;Китай;GAC Trumpchi;Emkoo;1985;D;Каштановый;АИ-92;РКПП;True
d57e6fb9-62ea-4464-af85-5c71f1955ca7;3;Франция;DS;7 Crossback;2011;C;Каштановый;АИ-92;РКПП;False
072853a4-71b0-480c-8647-8add0b0ab0c4;1;Германия;Maybach;Exelero;1996;F;Темно-серый;АИ-95;БКПП;True
2fefe274-9d27-4861-a1c3-384527a52f3b;3;Китай;Dayun;Yuanzhi M1;2009;C;Темный хаки;АИ-95;БКПП;False
25139e01-782c-4624-b619-53b62315ab95;5;Чехия;Gordon;Roadster;2020;E;Желтый;АИ-95;БКПП;False
e129e9b2-cc45-49fe-ab63-faa0bcff1501;2;США;Dodge;Intrepid;2001;E;Пурпурный;АИ-95;АКПП;False
f3b65808-33fc-4e5a-9b9e-f7d066f0266b;4;Россия;Автокам;2160;1976;F;Серый;АИ-92;БКПП;False
d76fee41-6d3b-47df-a95f-b33069987108;4;Австралия;Holden;UTE;2023;D;Зеленый;АИ-95;АКПП;True
6d53a653-55d2-4406-b694-292d577e4549;5;США;Saleen;S-281;1973;C;Античный Белый;АИ-95;АКПП;True
656cd5ba-aebc-4c69-9281-57b2c3968e5f;5;США;Overland;Roadster;1992;j;Шоколадный;D;МКПП;True
a06e6dea-f686-45dd-8a41-c22267965d7a;4;Россия;Спортивные авто и Реплики;Формула;2001;B;Фиолетовый;АИ-95;АКПП;False
9830c8e8-f5e6-4a73-9058-c81659404dc1;3;Китай;KYC;F3;1972;S;Светло-голубой;АИ-95;АКПП;True
dd88d403-5494-4e6b-ac87-978188be2b78;3;Китай;HiPhi;Y;1979;j;Цвет морской волны;АИ-92;БКПП;False
67be030a-dd03-42dd-9d9d-e6c1a99255fe;3;Китай;Avatr;11;1987;E;Золотой;АИ-95;БКПП;True
6533d042-e773-45c4-8836-ca06356a463a;2;Германия;Goggomobil;TS;1976;C;Светло-синий;АИ-95;РКПП;False
d05227f1-83f4-48f8-9867-01439ab1ac06;3;Германия;Wiesmann;Roadster;1993;A;Серебряный;D;БКПП;False
13512659-cfef-4e59-be79-2c4cf659434c;1;Китай;Hongqi;E-HS3;1986;j;Слоновая кость;D;АКПП;True
e865a0da-9601-4441-9f5e-e5af2baa9581;4;Китай;WEY;Coffee 02;1995;E;Темно-зеленый;D;МКПП;False
98162838-50ae-45fe-a712-562101191b57;6;Германия;Maybach;62;2014;E;Розовый;АИ-92;БКПП;False
bc4b9bc8-1ad2-43e7-9058-7f0e42e71cd3;0;Китай;Geely;Geometry C;1985;C;Темный хаки;D;РКПП;False
f8c86cc6-18c9-4d22-91c8-9bd61800889a;1;Япония;Mazda;Flair;1988;S;Светло-зеленый;D;РКПП;False
9ee5b7dd-2b43-4ad3-bbcf-3f6411672027;6;Китай;Enovate;ME7;2022;F;Малиновый;АИ-92;РКПП;True
fa27e6c9-31a4-4fca-81b3-eb29adbe8f5b;4;Великобритания;LTI;TX;1978;M;Желтый;АИ-95;БКПП;False
38efb5cc-e562-4f41-b482-ef8a1ae743ff;6;Великобритания;Metrocab;Metrocab I;2022;A;Бирюзовый;АИ-95;АКПП;True
b63575ee-cc49-492a-a64a-de6c471d3375;2;Китай;Soueast;DX7;1993;C;Темно-зеленый;АИ-92;АКПП;False
62640654-bc3b-4a86-af16-55ba9e05b711;0;Великобритания;Morris;Marina;2016;S;Малиновый;D;БКПП;False
31dd347c-9710-4a31-bde1-b1210f939302;4;Китай;Foton;Sauvana;2006;S;Васильковый;АИ-92;БКПП;False
c8d227c1-7575-41ea-a56d-8cfd992c737a;6;Великобритания;GP;Madison;1989;D;Оранжево-красный;D;РКПП;False
c8840c56-7b41-452c-a156-f2fda8f59edd;3;США;Ford;Freestyle;2008;D;Темно-зеленый;АИ-92;БКПП;False
e4bcea4b-bbad-4813-b3d3-bbca65749a34;5;Великобритания;Bentley;T-Series;1996;M;Фиолетовый;АИ-95;БКПП;False
a3925a4e-6d42-4252-adb3-3803efa87dde;2;Малайзия;Proton;Inspira;1989;M;Васильковый;АИ-95;БКПП;False
42e9d69e-23ab-4d44-a2e7-125677a4ff08;1;США;Ford;Model T;1999;E;Васильковый;АИ-95;БКПП;True
89376d08-c46a-4633-bf16-b73ccd096927;6;Тайвань;Luxgen;U6 Turbo;2010;C;Античный Белый;D;БКПП;True
2d43cf63-0d46-4c91-9934-ef5f54b42e0d;0;Япония;Suzuki;X-90;1988;F;Коричневый;АИ-95;АКПП;False
efeaedd6-18d8-400c-acfe-4811f750c2cb;0;Испания;Cupra;Born;2011;A;Бледно-Бирюзовый;АИ-92;АКПП;True
183bf99d-c79e-45c0-bd03-30988e0b38bc;6;Франция;Simca;1300/1500;2020;E;Светло-синий;D;РКПП;False
88277b9e-bc77-47fa-a65c-badcb9cf54ef;6;США;Deco Rides;Zephyr;2009;B;Золотой;D;АКПП;True
ed9bb9b8-313b-4c67-a1ce-1f5a512ff642;1;Китай;Radar;RD6;2000;A;Бежевый;АИ-92;МКПП;False
2c033b22-67e2-4450-98b2-735a4f23ac52;5;Китай;Gonow;Troy;2020;S;Бледно-зеленый;D;БКПП;True
f4e6e08b-bd87-4a43-b9cf-4f6a8343a0d2;3;США;Lucid;Air;1996;A;Светло-зеленый;АИ-95;МКПП;True
f8eb0fd8-02d2-49c4-bfff-efb090c44137;0;Китай;Soueast;DX5;2020;D;Черный;АИ-95;МКПП;False
f2db4a9d-2d55-469d-86dd-d566af76e631;1;США;Hummer;H1;2006;A;Светло-розовый;АИ-92;РКПП;True
a932f9f6-1908-4a35-a096-63b43f76466e;3;Чехия;Tatra;T603;1997;S;Светло-синий;АИ-92;МКПП;True
3751d01e-3ecc-40bf-9abb-69fad5c319f5;2;Россия;Doninvest;Kondor;2022;A;Индиго;D;РКПП;True
500d03cc-08b8-4e57-bd63-d952c597396b;2;Китай;Changan;Benni;1980;D;Васильковый;D;МКПП;False
72c55b35-27b9-4141-92a7-919cf6842315;2;Великобритания;TVR;450;1976;D;Светло-синий;АИ-95;МКПП;True
e3895e34-ba9d-4918-a2d7-9587fd54dfca;6;Китай;Aiways;U6;2000;M;Темно-голубой;АИ-95;РКПП;False
916e12de-a340-4cd6-a47a-d60ab5c94d55;1;Швеция;Koenigsegg;CCX;1973;D;Сливовый;АИ-95;РКПП;False
f70985b1-c9a6-4597-af2b-b3ffc9eca5e5;5;США;Scion;xD;1980;F;Светло-желтый;АИ-95;АКПП;False
ff868581-de53-428d-8e0a-9f69cf4ae0ed;6;Китай;Forthing;Thunder;2012;F;Темно-зеленый;АИ-95;АКПП;True
e0b2b66a-0b2e-4022-a0f4-d4cb761bf0af;6;Китай;Logem;EC30;1989;F;Темно-оранжевый;D;МКПП;False
f6874b46-bb8f-4835-865f-2f943d5ad29b;5;Великобритания;GP;Madison;2012;F;Оранжевый;D;РКПП;True
258e4db3-34d4-4b95-aa8b-7cdd2d1b56f6;1;Россия;Doninvest;Kondor;2007;S;Малиновый;АИ-95;БКПП;False
5776070a-ae1c-44fc-8812-6edfc457a38e;0;Испания;Santana;PS-10;1984;A;Хаки;АИ-92;РКПП;False
a68b0492-f6d0-4a5a-8579-7f5a70c5c091;0;Япония;Mazda;Eunos Presso;2020;C;Фиолетовый;АИ-92;РКПП;False
ce60f335-bb76-4266-86b9-a322d2d417ed;1;Франция;Citroen;C4 Aircross;1975;F;Фиолетовый;АИ-95;РКПП;True
f32c64f4-60e2-4eb7-afd3-7f3d9807db25;1;Германия;Volkswagen;Caddy;1982;D;Лазурный;АИ-92;МКПП;True
6d6304e9-5edc-414f-b9bc-bda366ce27c7;2;Россия;Aurus;Komendant;2010;D;Оранжево-красный;АИ-92;МКПП;True
e4839743-470c-4029-8368-5fda59a3af61;2;Китай;OMODA;C5;1978;j;Желто-зеленый;АИ-95;МКПП;False
d283ae1c-5912-4f4c-8393-3a477cf1e00f;0;Индия;Hindustan;Ambassador;2002;S;Цвет морской волны;АИ-95;АКПП;True
f71545db-a9df-4717-9b80-8e9b3d7b0149;1;Австрия;KTM AG;X-Bow;1982;M;Бирюзовый;D;МКПП;True
b702918c-d893-4cb3-afef-11273a6201c1;3;Индия;TATA;Nano;2022;D;Светло-голубой;D;АКПП;False
10831a38-e01a-4244-952f-131332159b06;6;США;Mercury;Milan;2014;E;Шоколадный;АИ-95;БКПП;False
269fe793-323e-4ea2-b474-0b08bab0a124;5;Китай;Gonow;Troy;1977;F;Цвет морской волны;D;БКПП;True
0cebcef6-dc63-4c3a-a8c3-bd22d09d8043;2;Китай;FAW;Besturn X80;2022;D;Слоновая кость;АИ-92;АКПП;False
5afdc170-6425-4d29-93e9-491e2286139a;3;Германия;Horch;830;1979;B;Бледно-Бирюзовый;АИ-95;БКПП;False
7e1945ea-9870-464a-8e82-3a8d7d23013e;1;США;Saturn;LS;2000;A;Цвет морской волны;АИ-92;РКПП;False
2d2debce-6663-41a2-8fa8-ae180b5c75da;2;Китай;Hozon;Neta GT;1974;F;Лазурный;АИ-95;МКПП;False
a0854eca-83e1-484d-aaa5-ad081bea9803;5;Китай;Lynk & Co;02;1977;B;Темный хаки;АИ-92;МКПП;False
12c11d7e-8c86-43ff-9d80-e11c93005da6;5;Германия;Smart;Roadster;1997;F;Розовый;АИ-92;РКПП;False
de478397-f44f-4848-b37b-c899bc164128;5;Чехия;Skoda;Favorit;1992;C;Синий;АИ-92;БКПП;False
0eb0bef0-cd5b-489d-b84d-418f7c98e3d8;4;Франция;JMEV;GSE/Yi;1991;j;Темно-серый;АИ-92;АКПП;False
9870d326-496f-4e25-a9fe-5de03d90f902;6;Китай;ZX;Admiral;2010;F;Ярко-розовый;D;БКПП;True
283f66d3-514a-4c04-80f2-911d9acd8fa2;6;Япония;Isuzu;Fargo;2000;F;Светло-голубой;D;БКПП;True
b52d4914-a18c-44d1-896f-2190e289b7ca;3;Малайзия;Bufori;La Joya;1981;B;Светло-розовый;АИ-95;АКПП;True
b014f815-e34f-4973-8e43-dc46858ef6f4;3;Япония;Mitsubishi;Celeste;1977;j;Розовато-лавандовый;D;РКПП;False
74a89c63-c611-4872-94ac-38accec6983f;1;Индия;Mahindra;Commander;1994;A;Темно-розовый;АИ-92;РКПП;False
c831a793-91fe-435d-8e2b-831a44b32452;2;Китай;E-Car;GD04B;1982;E;Фиолетовый;АИ-92;АКПП;True
c418f961-3a95-4840-829e-851de52fe832;1;Австралия;HSV;Maloo;1982;B;Тусклый серый;АИ-95;РКПП;True
ab5af5d1-530c-4906-99ea-b3714b3cd537;5;Китай;Forthing;Lingzhi M5;1994;C;Бежевый;АИ-95;АКПП;False
ec67b973-4009-4519-95a5-911d2fdddf8d;5;США;RAM;Rampage;1983;D;Светло-желтый;АИ-95;АКПП;True
ee84d37b-d6e7-4e74-a0f2-98e5dd510655;1;Южная Корея;Renault Samsung;SM7;1991;C;Бледно-зеленый;D;МКПП;True
aa5ddfb8-706d-48e2-896a-4e92cf4b34db;3;Китай;Fuqi;6500 (Land King);1971;D;Темно-фиолетовый;АИ-95;МКПП;False
ee3108cc-272d-4aad-9a5c-c2b161d577f2;1;Япония;Acura;NSX;1971;A;Золотой;D;АКПП;True
a5d79fd1-558b-4fa5-8859-bf5ddc5af848;2;Мексика;VUHL;05;2012;E;Бледно-Бирюзовый;D;БКПП;True
6d7e2a06-c0e9-4418-bf7c-647897160b5e;3;Франция;DS;3 Crossback;2018;D;Светло-желтый;АИ-92;РКПП;False
9bb0221e-aac0-4899-b2b4-9f3d6b66c886;2;Франция;Simca;1300/1500;2005;B;Бежевый;D;БКПП;True
a08a12ad-f8f1-485a-bcac-3e925f9f5533;6;Италия;Dallara;Stradale;2000;E;Темно-зеленый;D;МКПП;True
f72673e2-6f20-474e-b67a-67160ef5a7d2;1;Китай;Hafei;Simbo;1972;S;Сливовый;АИ-92;БКПП;True
f30063bb-1b96-4eb2-9e23-cda84038e825;5;Китай;Changhe;Ideal;1977;M;Шоколадный;АИ-92;АКПП;False
aa4bb7f2-be01-4f87-9b66-e2cefc772869;0;США;Excalibur;Series IV;2014;A;Лазурный;АИ-92;БКПП;True
c5c0dec1-3a73-4a9d-91c8-44834703f052;5;США;Oldsmobile;Cutlass Ciera;1996;j;Темно-розовый;АИ-95;МКПП;True
77272243-2009-42bd-85e9-04b37728d647;3;Китай;ChangFeng;Liebao Leopard;1986;B;Хаки;D;АКПП;True
fa68d322-d02f-4977-a328-a038ccaa779b;5;Великобритания;Morris;Eight;1983;C;Темно-голубой;АИ-95;БКПП;True
4a540023-da51-45a0-9ea6-f3627b337066;0;Китай;ZX;Admiral;2016;j;Темно-серый;АИ-92;АКПП;True
b0ecd350-b750-46d2-8c8d-947753d738c9;2;Китай;VGV;U70;2006;F;Светло-розовый;АИ-92;МКПП;False
de40e832-7b1f-4223-9d5e-3b8ef520ff63;4;Китай;Chana;Benni;1997;D;Серебряный;D;АКПП;False
7a5ac015-d4f6-4d20-a0f4-b28e37dcdafc;3;США;RAM;1500;2010;D;Светло-голубой;АИ-95;АКПП;True
0a9f6a31-225a-4114-adaf-5171317c1ef0;6;Китай;Enovate;ME7;1973;M;Белый;АИ-95;АКПП;False
16acc5ba-8481-42e2-a59f-70688fcf54fa;0;Великобритания;Carbodies;FX4;2001;S;Светло-серый;АИ-95;МКПП;True
36e224b3-f9e4-4993-9cce-c329882d448d;4;Италия;Osca;2500 GT;1971;j;Зеленый;АИ-95;АКПП;False
6137ff7d-83a2-45cb-b63b-c8595aa6bd24;0;Вьетнам;VinFast;VF9;2012;B;Черный;D;БКПП;False
97a692cb-222f-4fdb-a91e-46e34a70ad21;5;Франция;Facel Vega;FV;1987;F;Темно-серый;D;АКПП;True
0bfa9737-9018-4023-8586-5f5907ff28b1;3;Россия;DW Hower;H3;1987;M;Лазурный;D;МКПП;False
4a3e97d4-0543-4c12-afca-2797072129d8;5;Китай;GAC;M8;2008;M;Темно-серый;АИ-92;МКПП;True
5aaa8921-e86c-4694-90ff-2e294e70e9e5;4;Китай;Denza;D9;1991;M;Бледно-Бирюзовый;D;МКПП;False
316e9761-10f1-41ca-bbc9-d7c1dd47346b;2;США;Pierce-Arrow;Twelve;1998;S;Хаки;АИ-92;АКПП;True
0ce681b5-79ca-474f-8aaf-f13f0cf34c01;5;Китай;Voyah;Free;2011;D;Малиновый;D;АКПП;True
fb91fd96-f160-4eb5-b66b-6a15c3593248;3;Дания;Spyker;C8;2018;M;Лазурный;D;РКПП;True
1468590a-0656-424a-acfa-30f170e4e544;0;Япония;Daihatsu;Mira Tocot;1998;E;Синий;D;МКПП;True
55cc5328-c12f-4840-83a3-a2f1a7345ecf;6;США;Packard;Twelve;1977;M;Золотой;АИ-95;РКПП;False
4c88fb74-98a9-4f0e-a031-fd08cabf361d;1;Малайзия;Perodua;Kenari;2022;A;Темно-голубой;D;РКПП;False
0633a92d-b189-4640-b0ac-897a2fe8a997;1;Россия;Спортивные авто и Реплики;Offroad;2006;E;Золотой;АИ-92;БКПП;False
e782184f-3e40-4965-b6e5-4b299f572b0d;3;США;Jeep;Wagoneer;2010;A;Темный хаки;АИ-95;БКПП;True
017ce36f-b9d7-42c6-ac9b-66c2c2a0dd0e;4;Индия;Maruti;Omni;1980;D;Желто-зеленый;АИ-92;БКПП;False
47e49e89-961c-4870-b2ad-ec665df01c8a;1;Швеция;Saab;9-5;1996;D;Серебряный;D;МКПП;True
cef73b1d-2379-4213-a0fa-6a5272ae231c;3;Китай;Haval;Jolion;2023;D;Каштановый;АИ-92;БКПП;True
18affd4e-8d5d-4de8-bc06-abe6084d1634;5;Япония;Datsun;GO;2019;j;Красный;АИ-92;РКПП;True
43c46b65-cb32-4e55-9dc7-be602de8a8f6;1;Китай;Fuqi;6500 (Land King);2013;A;Светло-синий;D;БКПП;True
1446bf7b-9491-47c4-8e62-b441e7b2e7d8;4;Китай;Qingling;Taga H;2007;j;Черный;D;РКПП;False
67523116-561b-48f2-bf5a-4ae709f70a25;3;Китай;Rising Auto;R7;2020;F;Светло-серый;D;БКПП;False
7753237b-b394-4890-8888-a04f8de111af;4;США;DeSoto;Custom;1991;S;Коричневый;АИ-95;АКПП;False
3aae2837-1043-4297-a3e4-59c7a38781ff;3;Китай;Hawtai;B21;1986;E;Пурпурный;АИ-95;РКПП;True
bb20db54-c171-4918-9bd3-dce5e127d136;4;Италия;Alfa Romeo;4C;2018;D;Аквамарин;D;МКПП;True
60ec4c19-6a58-4279-9afa-80c6ca798e2f;5;Китай;ShuangHuan;Noble;1996;M;Темно-голубой;АИ-95;РКПП;False
4597348c-3880-41fc-a34e-3cb6da9aaaf2;5;Великобритания;Westfield;SEiGHT;1983;C;Темно-розовый;D;БКПП;False
ef2fcf8e-b7d9-4e5a-9550-6e52c2b10d9d;4;Франция;Venturi;400 GT;1999;B;Темно-красный;D;РКПП;False
ff686322-e7bd-4b10-9d86-69ac466a5ee6;3;Германия;Trabant;1.1;1997;C;Индиго;АИ-92;РКПП;True
2ce0769d-30dd-437c-8452-38b66b8594fd;0;Франция;Mobilize;Limo;2000;F;Розовый;D;АКПП;True
f30900f0-f284-43c4-88ae-f0fd2753c1a9;0;Малайзия;Bufori;La Joya;2015;F;Сливовый;D;МКПП;True
9adb3231-ae0d-45d3-99cc-7a054899d2d7;0;США;Vector;M12;1979;A;Синий;АИ-95;АКПП;True
dc414291-a481-48fe-80c9-b993cf2633db;4;Иран;Saipa;Shahin;1984;M;Бледно-Бирюзовый;АИ-92;БКПП;False
94775b75-04d2-46d1-84e5-7fb75cc47f4f;4;Китай;ZX;Admiral;2005;A;Аквамарин;D;МКПП;False
90cc7676-9980-433d-a0ab-f61c782845b6;5;Германия;Audi;V8;1989;D;Хаки;АИ-95;БКПП;True
832aeb8c-3ffb-4e91-8fd4-25dc52ecac69;3;США;Batmobile;1989;2002;D;Индиго;D;РКПП;False
c2e2b3ba-fcf9-47df-a94e-b512794823d4;1;Италия;Cizeta;V16t;2018;E;Малиновый;D;РКПП;True
7547c3f3-de88-4cbc-bcd5-035d01f0df42;5;Швеция;Koenigsegg;Jesco;1982;B;Цвет морской волны;D;МКПП;False
d7e38a26-cde4-4980-a8ba-5b79de4ea559;4;Дания;Spyker;C12;1988;B;Розовый;D;РКПП;False
47871b02-ef7c-4c2c-ae95-4c00bbc7a306;5;США;Scion;xD;2011;j;Синий;АИ-95;МКПП;False
5ebd27c5-a5ae-4dde-a719-f35241ef2529;3;Япония;Infiniti;Q70;2019;F;Темно-зеленый;АИ-92;РКПП;True
98b2d118-d2d1-4559-af36-726405b48e7b;6;Германия;Horch;830;1973;F;Темно-бирюзовый;АИ-95;БКПП;False
c4d98e14-a52a-48c7-9693-ea5f701ce8a2;5;Великобритания;Jensen;S-V8;1972;E;Темно-оранжевый;D;АКПП;False
dc067b26-61e9-4d7f-91fc-8f3265509ceb;4;США;Pierce-Arrow;Twelve;2022;M;Бирюзовый;D;РКПП;False
84ce3114-4977-4bee-8126-08891aeef507;3;Германия;Audi;S3;2010;S;Пурпурный;АИ-92;МКПП;False
8064d4e7-9050-4c4f-8ef7-3ebae9ea5d4b;5;Великобритания;Rolls-Royce;Silver Wraith;2008;D;Темный хаки;АИ-95;АКПП;True
0d189920-7d54-4f19-a08d-875de13973b5;5;Южная Корея;Renault Samsung;SM3;1975;M;Темно-бирюзовый;АИ-95;АКПП;True
488ad2c7-d38f-48cd-9c49-841b11035982;3;Китай;HuangHai;Landscape;2005;F;Бирюзовый;АИ-95;АКПП;True
474046be-1473-465d-a0fb-83d133bb3fd7;2;Китай;Seres;SF5;2018;F;Каштановый;АИ-95;БКПП;True
10c80670-1913-4341-b6e8-51238135ca0e;2;Китай;ShuangHuan;Noble;1971;j;Ярко-розовый;D;МКПП;True
fe29c7e0-2848-41e6-a541-8de1cccce058;5;Норвегия;Think;City;1978;B;Оранжево-красный;АИ-92;БКПП;False
b8e33312-6572-4502-87c0-4b8f96b6c049;5;Китай;Venucia;V-Online;2000;F;Бледно-Бирюзовый;D;АКПП;True
01e4a9eb-649c-4cdf-9d8e-782ffafddddb;6;Италия;Maserati;Merak;2004;D;Хаки;АИ-92;РКПП;False
e7371c87-a906-47b7-8759-24a5d98e0efb;2;Германия;Heinkel;Typ 154;2020;E;Светло-синий;АИ-95;БКПП;True
b61eef98-895d-42d5-a24c-1076c5aff63b;2;Россия;ИЖ;2125 «Комби»;2000;D;Серебряный;D;БКПП;False
ebf98a77-a88c-460b-baf2-c40ebb109a34;4;Китай;Dadi;Shuttle;1996;A;Серебряный;АИ-92;БКПП;False
22accfdd-f7c7-41a0-84e4-790627e6930f;2;Великобритания;Metrocab;Metrocab I;2001;A;Светло-розовый;АИ-92;АКПП;True
2b41acb7-f1e9-41d8-aa7a-61f3bb4b0f80;3;США;Rezvani;Beast;2001;F;Темно-красный;АИ-95;АКПП;True
9dabbbc6-cb7e-40ba-bfd6-a9817e509e3f;1;Россия;ЗиС;110;2022;E;Темно-бирюзовый;D;АКПП;True
96425f3f-359d-482d-9630-2f8f005cf5ec;5;Германия;Bitter;CD;2017;M;Серый;АИ-92;БКПП;True
36c868d5-51d3-414c-8fd0-2c8fd4e4b06f;2;Великобритания;AC;378 GT Zagato;1993;S;Сливовый;АИ-95;БКПП;False
2ba2890c-0363-403f-9eef-e8c4479259a6;5;Франция;Facel Vega;FV;1981;M;Темный хаки;D;МКПП;True
2995dd84-16ab-4b2a-9d01-210a3f569f72;0;Россия;Руссо-Балт;С24;1971;D;Розовый;D;БКПП;True
3d422056-7bf3-4441-a661-6ef768f0cc9c;0;Китай;Venucia;V-Online;1992;C;Темно-красный;АИ-92;РКПП;False
cb52420f-c71c-4205-b057-849795fd221f;6;Великобритания;Aston Martin;DB12;2008;F;Аквамарин;D;БКПП;True
e0c509be-ac08-4f0c-a9ed-b3c5d33455d4;2;Южная Корея;Genesis;G90;2005;F;Фуксия;АИ-92;БКПП;True
1f79e2e9-cb95-423e-9fe1-8bf0c30e253c;0;Россия;DW Hower;H5;2001;F;Малиновый;АИ-95;БКПП;False
bcacee80-3be0-4327-9bfb-0806f72a3e02;0;Китай;Yema;T70;1977;F;Бежевый;АИ-92;БКПП;False
11527e43-941f-4265-8dbc-680e24a60661;5;Китай;Qingling;Taga H;1975;D;Коричневый;АИ-95;БКПП;False
f515cf6a-79ec-4e7c-b7e0-4ec606e05625;0;Китай;Forthing;Thunder;2017;E;Розовый;АИ-95;АКПП;True
94985698-a8d1-47b6-beb5-8a7537669439;2;Китай;Great Wall;Hover H5;2017;D;Ярко-розовый;АИ-92;МКПП;False
eb7175b2-6d44-477e-be50-144dece5133f;2;Объединённые Арабские Эмираты;W Motors;Lykan Hypersport;2016;M;Темно-фиолетовый;АИ-92;РКПП;True
a9742dac-946b-4e93-aa0b-10117f00f678;4;Великобритания;AC;378 GT Zagato;2004;A;Античный Белый;D;АКПП;False
630a2468-9cb1-42da-b32a-83c51150af9f;1;Украина;ЗАЗ;966;1987;D;Синий;D;АКПП;False
ddd4d7a4-a278-4479-9a39-109eacebca11;1;Италия;Osca;2500 GT;1995;B;Зеленый;АИ-95;МКПП;True
7787af60-bea3-4958-961c-15a6515414bb;0;Россия;DW Hower;H3;2000;E;Темно-зеленый;АИ-95;БКПП;False
f1269ea0-40c9-46a1-a0b9-84cc505f251b;3;Китай;Tank;500;2013;F;Индиго;D;АКПП;False
30d5f3fa-6bfa-4fd5-bdf9-79e020a4044c;4;Франция;Simca;1300/1500;1989;E;Бежевый;АИ-92;АКПП;True
6741c6a0-395c-4027-b974-763db56d4b20;6;Великобритания;Jensen;Interceptor;1972;D;Светло-голубой;АИ-95;АКПП;True
55d6ccf2-3fa8-4e6a-9de6-b96316770022;6;Германия;Wiesmann;Roadster;2011;F;Золотой;D;МКПП;True
dba37cc8-58a7-4316-8ead-ac795282eed4;2;Россия;Комбат;Т98;1986;F;Темно-розовый;D;БКПП;True
8c50d786-5fa5-4315-8608-6dec26d5ffc0;4;Румыния;Aro;24;2020;C;Светло-розовый;D;МКПП;False
2400da21-4879-4db9-9a5b-3ef26ed9db77;4;Хорватия;Rimac;C Two;1974;j;Бледно-Бирюзовый;АИ-95;АКПП;False
6985467b-6721-4bf2-8f32-183e08866043;0;Чехия;Gordon;Roadster;2008;M;Хаки;АИ-95;АКПП;False
494f68d7-e438-4054-a3c8-eabdc8107cf6;2;Южная Корея;Asia;Retona;2020;S;Черный;D;РКПП;False
586a4140-6f2d-4a4a-8674-02309f3fc7ab;1;США;Geo;Storm;2012;B;Серебряный;АИ-92;БКПП;True
12648f03-da84-4675-8d9e-1ed3e99fdc70;0;США;Fisker;Karma;2002;j;Оранжевый;АИ-92;АКПП;False
e2dbdc3f-6e5c-45db-b778-56fcb3987dbc;2;Китай;Enovate;ME7;1977;D;Сливовый;D;РКПП;True
042fd58e-55e9-4871-887d-5ec602839837;3;США;Mercury;Eight;2014;F;Темный хаки;D;БКПП;True
0ac20f77-3ed0-4d46-a248-b50852b42397;1;США;Rezvani;Beast;2012;j;Синий;АИ-92;МКПП;False
11899b55-dd5f-4134-9129-77f799cdba36;5;США;Studebaker;Golden Hawk;1984;M;Бледно-Бирюзовый;D;БКПП;False
744e8a0e-33e4-441a-9598-3dec7d6e26b7;3;Турция;Tofas;Murat 131;2009;C;Серебряный;АИ-95;БКПП;True
0a1de4a0-0651-467d-8658-d48babf1a3ad;5;Великобритания;Ronart;Lightning;2012;j;Темно-голубой;АИ-95;АКПП;False
cab1231a-9a78-4f84-af8b-2b9f4cfa2238;4;Испания;SEAT;Arosa;2006;S;Синий;D;РКПП;False
51dd84e3-e22b-4513-b027-88c9a7aea1e2;6;Китай;Forthing;M7;1982;j;Синий;D;АКПП;False
3e2a9c5b-15c4-4d51-bebc-b1535f6e6585;5;Япония;Lexus;LS;2001;D;Оранжевый;АИ-92;АКПП;True
aae3c31e-d3ae-44cb-b683-2acd25728bb3;2;Франция;Mobilize;Limo;2004;E;Темно-розовый;D;МКПП;False
b9740177-37c9-4516-83da-16d8b81bcf65;3;Китай;ShuangHuan;Noble;1996;j;Темно-синий;D;АКПП;True
77ce0982-f32d-47f6-a044-8d54b6751005;4;Китай;KYC;F3;1979;E;Цвет морской волны;АИ-92;АКПП;True
81de8e83-e44b-4052-b2e8-30177f6eaa27;3;Китай;Everus;VE-1;1990;B;Античный Белый;АИ-95;АКПП;True
f072cac7-2bad-427f-86ff-8167b0c5a74b;5;Италия;Lancia;Thesis;2017;j;Серый;АИ-95;МКПП;False
4fe51454-06f3-4265-8191-e7a944f0603e;0;Великобритания;LTI;TX;2003;M;Фуксия;D;РКПП;True
5e3cbb05-b467-41de-9fa9-1b50feb1ab17;1;Франция;Matra;Murena;2008;D;Светло-синий;АИ-95;МКПП;False
b6639dc1-f133-416f-b3f9-21e0e3bff66f;3;Великобритания;Ariel;Nomad;1996;E;Античный Белый;АИ-92;АКПП;True
5de64a6b-3109-442c-b4a9-423c7eca0aca;0;Франция;Alpine;A310;2021;M;Бирюзовый;АИ-95;БКПП;True
3c735285-e260-4b5a-ae0e-141a891b7b73;5;Хорватия;Rimac;Nevera;2001;E;Бирюзовый;D;АКПП;False
0d4ed23a-003c-4ba4-9db6-4b47d692757c;0;Тайвань;Luxgen;Luxgen5;2001;E;Оранжевый;D;АКПП;True
4c6e1e9f-d2e8-4f33-a4ac-1e019442fd1b;1;Китай;Hongqi;E-HS3;2019;j;Фиолетовый;АИ-95;МКПП;True
e2a94ec4-c23b-4cfc-b54c-8304f1e7fb00;5;Китай;Baojun;RS-3;2014;C;Светло-желтый;АИ-95;АКПП;True
ed71d9d6-a256-4b37-aa2e-4124e4bb681b;1;Япония;Toyota;Ractis;1972;S;Темно-фиолетовый;D;РКПП;True
a3c7cd82-61aa-4872-894d-2b519c0f3871;3;Италия;Cizeta;V16t;1999;B;Желтый;АИ-92;АКПП;True
f680daeb-d5b9-4f80-8836-2dd6e6e2cf65;6;Великобритания;Westfield;SEi & Sport;1997;A;Белый;АИ-95;РКПП;True
427c385d-b9a6-44d9-94dd-074eb73b2bb8;4;США;Fisker;Karma;2010;j;Светло-желтый;D;РКПП;False
814d262c-a02b-45a6-b436-71aecfd7780d;4;Россия;АТОМ;01;1980;C;Индиго;D;БКПП;True
b3fa446d-2267-4dd7-bf06-b5b8e67a9cd9;2;Франция;Peugeot;402;2016;j;Серебряный;АИ-95;БКПП;True
0552fc27-ae0a-41ca-b145-119555ef64b4;5;США;International;Travelall;1973;S;Бежевый;АИ-92;АКПП;False
c0d894e6-43e6-413c-8ef0-867b8c6fc026;1;Германия;Maybach;57;2003;S;Фуксия;АИ-95;БКПП;False
328dc9c4-d12d-40be-8790-b0151e99c775;1;Германия;Wiesmann;GT;1994;M;Коралловый;АИ-92;БКПП;False
ec291c1c-26b2-45b1-bfc4-fb0497c17bd9;4;Россия;Apal;21541 Stalker;1997;M;Коричневый;АИ-95;РКПП;True
1090eb67-4b6a-4bcc-b765-a02c48c0ffa4;5;Великобритания;Noble;M15;1990;j;Серый;АИ-95;РКПП;False
a2491f94-ab26-4c80-913d-1eac8d394022;1;США;Chrysler;Town & Country;2000;C;Фиолетовый;АИ-92;АКПП;True
ea35a20a-5be6-4195-a426-28c6f2430247;2;Великобритания;Reliant;Scimitar Sabre;2006;F;Светло-желтый;АИ-95;МКПП;True
33bc7d8c-6659-4f0f-b34f-6d4700b68821;3;США;Mercury;Mariner;1999;C;Желтый;АИ-92;МКПП;False
088cc5b1-da2a-4036-8adb-6d66bc2635f2;4;Япония;Nissan;Langley;1971;C;Оранжевый;АИ-92;БКПП;True
e7824fda-cbb9-42e1-a45d-edbdb392468e;3;Германия;Porsche;911;2003;j;Темно-оранжевый;D;МКПП;False
729ac767-b68e-4674-8859-ac33f9755062;6;Китай;Rox;Stone 01;1982;B;Индиго;D;БКПП;True
67b2b292-b733-43f0-bb14-d864e9372969;6;Россия;Marussia;B2;2000;D;Темно-бирюзовый;АИ-95;МКПП;False
5ce2c0a3-7237-47bd-b06a-b5c3b9b406f6;0;Китай;Landwind;X6;1998;j;Васильковый;D;МКПП;True
1cc13e05-227d-4650-beeb-9c1b9fafedd8;6;Великобритания;Bentley;Azure;1988;A;Оранжево-красный;АИ-95;БКПП;False
bb8e2d17-b5f1-4a8e-90c4-933b5357dbfd;3;Китай;Jaecoo;J7;1972;M;Хаки;D;МКПП;False
bedc5b91-d46b-49e3-b4b8-92cf3e723075;5;США;Vector;M12;1980;A;Золотой;АИ-95;БКПП;True
e02eab2f-6883-4ada-8fa3-22552f9d2596;4;Франция;Matra;Murena;2007;E;Аквамарин;АИ-92;БКПП;False
32562b24-bc47-444e-9491-7df92f3450ae;5;Великобритания;LTI;TX;2001;M;Темно-зеленый;АИ-95;РКПП;False
3b1dbd6b-57dd-47dc-950b-83dd7eeff4cd;5;Китай;HuangHai;Antelope;1972;A;Коралловый;АИ-95;МКПП;False
c9690784-a4f6-4a26-b364-fb499abccd18;2;Россия;ЗИЛ;4104;1990;D;Синий;АИ-92;МКПП;True
9f13c803-7cc8-4e61-bcf1-94910dfbda24;1;Китай;Maxus;MIFA 9;1991;C;Цвет морской волны;АИ-95;АКПП;False
5724d9bc-1b9d-4421-83a4-2aba324baeb1;2;Китай;EXEED;TX;2010;F;Малиновый;АИ-92;БКПП;True
e19e767b-9f2b-4ac1-8308-4df1e7ed0c3f;3;Франция;Ligier;JS 51;1994;A;Зеленый;D;БКПП;False
c0d51ab7-81a4-43e3-98b4-480ba10981f3;0;Великобритания;MG;F;1985;S;Малиновый;D;АКПП;True
1b4e9161-0963-48a5-9f19-7dc93b8b3569;4;Китай;Haval;H6S;2005;C;Белый;D;МКПП;True
1d3b3471-3f29-4d4e-ac1c-62cb9dd7b06b;3;США;Renaissance;Tropica Roadster;2003;M;Античный Белый;АИ-95;БКПП;False
84e5261e-329c-434e-bd9c-83e762021ac1;6;Сербия;Zastava;10;2011;S;Ярко-розовый;D;БКПП;True
d14ff4aa-3608-49eb-be88-a020e93bc753;0;Россия;Derways;Aurora;1987;B;Шоколадный;АИ-95;РКПП;True
58bccbb7-a1eb-4adb-ab05-d924de1974d1;0;Великобритания;Eagle Cars;SS;2011;A;Светло-желтый;АИ-92;АКПП;True
6661f896-d445-40a6-a87f-4ce406976096;3;Китай;Dadi;City Leading;1994;M;Бежевый;АИ-95;АКПП;False
de3ecc36-bc1f-4c40-b4b4-c6b70cc0ebf5;0;Южная Корея;Genesis;GV70;1972;S;Белый;D;АКПП;False
fc26ce48-f11b-4b67-951b-936c69b4c6ad;3;Россия;ТагАЗ;C190;2011;E;Белый;АИ-92;БКПП;True
bc6ecb77-574d-400a-a0ca-102cfaa21b36;0;Франция;Ligier;JS 51;1983;S;Темно-серый;АИ-95;АКПП;False
a01cc010-7b0f-4d1c-9282-e77615115e46;1;Китай;Great Wall;Peri;1970;D;Ярко-розовый;D;АКПП;True
db826dde-c608-41c6-8c50-ce7fbfc8db3d;5;Китай;Fuqi;6500 (Land King);1987;A;Светло-розовый;D;БКПП;False
a8abdf2f-24ea-45c7-9b9a-9fa6c67b2a01;1;Франция;Renault;10;2012;E;Темно-красный;АИ-95;АКПП;False
290b04d8-7647-423c-bb3e-0f0e8011485f;5;Италия;Maserati;Ghibli;1970;A;Бледно-Бирюзовый;D;РКПП;True
507ac2ce-653b-4d0b-b811-75bb1810836e;3;Россия;Marussia;B2;2003;j;Красный;D;АКПП;False
5aed63f1-043f-4e46-8305-3aa5736629cd;3;Германия;Wanderer;W23;1975;j;Зеленый;АИ-92;МКПП;True
c3b4066b-2e3f-4b47-ad06-04b449cf54d8;2;Китай;Rising Auto;R7;2006;A;Темно-бирюзовый;D;МКПП;False
aca4ef5b-f38a-496f-84d4-521e3860aa3a;4;Украина;ЗАЗ;Sens;1997;A;Серый;АИ-95;МКПП;False
4738aa03-05b5-4b88-a144-483b185bbf80;6;Украина;ЗАЗ;1103 «Славута»;1981;D;Бирюзовый;АИ-95;МКПП;False
f7c48801-d95b-4da6-bbe0-504fe42538e5;1;Италия;Cizeta;V16t;1982;B;Золотой;АИ-92;АКПП;True
199462da-d061-40a8-add1-fa9c68794956;3;Китай;ShuangHuan;Noble;2003;F;Тусклый серый;D;БКПП;True
a5da65f5-986d-4921-9ffb-bbb36fc9a8ad;4;Испания;Cupra;Born;2015;B;Слоновая кость;АИ-95;РКПП;False
11281d86-2928-4012-beda-5552116301ed;4;Великобритания;Noble;M15;1988;C;Темно-голубой;АИ-95;АКПП;False
8af72397-7700-4ce1-872b-b7c56e0f8fa1;6;Италия;Pagani;Utopia;1971;C;Темно-голубой;АИ-95;РКПП;True
c4f1a532-8b6a-42ca-8b93-5f111c7352f6;2;Великобритания;Land Rover;Range Rover Velar;2006;E;Оранжево-красный;АИ-95;БКПП;False
fd041880-9ba1-4112-8799-bdc9588c621b;1;Китай;Nio;ET7;2013;A;Светло-зеленый;АИ-92;БКПП;True
821ebbb0-211c-4df2-a6eb-53ea7ec89eab;5;Израиль;Zibar;MK2;2006;j;Красный;D;БКПП;True
33e12717-ccb0-4ec9-8d91-2ecdb606e260;6;США;Saleen;S7;2011;D;Васильковый;D;РКПП;True
6d8515d6-aff5-4c18-816b-3c3d6688b579;4;Россия;Flanker;F;1993;C;Каштановый;АИ-95;РКПП;True
aab81536-3bd3-4406-8958-5c4b5676eb41;6;Франция;Facel Vega;FV;1976;C;Античный Белый;АИ-92;БКПП;False
83bcc376-44c9-43c0-8992-7c4ca3a9f601;3;США;Vector;M12;2008;D;Бирюзовый;АИ-95;БКПП;True
55ea1e7b-fe8d-4f10-91ae-7bc8fe0f3c1a;6;Южная Корея;Hyundai;Bayon;1972;j;Серебряный;АИ-92;АКПП;False
e8e80097-0220-49c9-90ef-4282980356cf;6;Китай;Jetour;X70;1988;j;Аквамарин;D;МКПП;False
379b2f86-83e9-4e26-8cc4-9d49b0f02815;1;Великобритания;Metrocab;Metrocab I;2000;S;Золотой;АИ-95;БКПП;True
aaab168e-872f-4346-b444-9c61cb11ac52;2;Япония;Acura;RLX;1981;j;Светло-желтый;D;МКПП;False
169f2795-5588-42d4-b173-396ec14c841e;1;Китай;Rox;Stone 01;2005;S;Темно-серый;АИ-95;МКПП;True
038be18c-b383-4e2c-9e94-9eb68bf68677;1;Италия;Autobianchi;A 112;2003;F;Зеленый;АИ-92;РКПП;False
5c9b82fe-7c43-4738-8495-74c00e488524;1;Великобритания;Caterham;CSR;1976;B;Сине-фиолетовый;АИ-92;АКПП;True
b5e26e33-ef9d-42f1-bbe5-9ab776fdb725;6;Китай;VGV;U70 Pro;2001;D;Темно-серый;АИ-92;АКПП;True
007d1d81-641e-415b-a9b9-2189450817c1;5;США;Sears;Model J;1976;C;Темно-бирюзовый;АИ-95;МКПП;False
b2e25ff8-9e20-4222-89e6-34cd079d3a9e;6;США;Overland;Roadster;2002;C;Розовый;D;БКПП;False
be2eff17-b309-4a07-bb97-3637e8babd1c;4;Великобритания;Eagle Cars;SS;1989;E;Оранжево-красный;АИ-92;РКПП;False
1348a399-1ca5-459b-9eda-e9954c319071;1;Россия;Bilenkin;Vintage;2013;B;Темно-оранжевый;АИ-95;БКПП;True
51df745a-5093-41e1-8550-5a71699d6dc6;0;Россия;Derways;Aurora;2016;E;Белый;D;БКПП;False
5a3e9d54-257a-41ed-899d-844dec952b4d;2;Китай;Roewe;i5;2000;C;Серебряный;АИ-92;РКПП;False
5b9fbc1d-fe4a-4257-90b9-fc750c31fd3d;6;Китай;BYD;Tang;1988;j;Темно-серый;D;АКПП;False
1f75529e-2778-4383-8969-753636ba11c7;4;США;Hennessey;Venom F5;1996;S;Коралловый;АИ-92;РКПП;False
71776fd8-e76e-47d3-a08c-29c15c532123;3;Япония;Daihatsu;Trevis;1999;B;Светло-синий;АИ-92;АКПП;True
2cccf926-86a8-4550-aa47-9dc769472ab1;4;Великобритания;Invicta;S1;2001;j;Желтый;АИ-95;АКПП;True
dd92cfaf-4ebc-4344-b070-f0f4c4170f99;0;Таиланд;Thairung;Transformer;1998;j;Бирюзовый;АИ-92;АКПП;True
2b9c3aff-c3bb-41bd-a397-b22912d8b07d;3;Южная Корея;Renault Samsung;SM5;1972;A;Сливовый;АИ-95;РКПП;False
5bb8e5b5-a3ef-4932-90f0-245526130e64;1;Германия;Volkswagen;Quantum;2011;E;Цвет морской волны;D;МКПП;False
83670cb1-227e-47d6-9b28-1b8189271bfc;2;Китай;Shanghai Maple;C32;1991;D;Светло-голубой;D;АКПП;False
c45a2035-471f-4f9e-9f98-f466ab53b5bb;5;Россия;ЗиС;101;2009;A;Хаки;D;АКПП;True
7a95899f-6019-472c-8dae-cc3b5b8b84ad;0;Тайвань;Yulon;Feeling;2012;D;Темный хаки;АИ-95;РКПП;False
bba70486-d106-4d7e-b527-9e28c21b490e;1;Китай;IM Motors (Zhiji);LS7;2021;C;Шоколадный;АИ-95;БКПП;False
1994d533-e192-4195-8923-0b5e6d417856;1;Япония;Subaru;Solterra;2006;S;Золотой;D;АКПП;True
e2d5783f-88bf-4f43-9c77-6253a5f06466;5;Китай;Avatr;11;2011;F;Темный хаки;D;БКПП;False
db2ef6ab-78e3-4b75-a627-36bbab3b104f;1;Китай;Great Wall;Poer;2009;M;Черный;D;РКПП;True
1ab38247-c4bb-4b98-bd24-cff4ad7bd56b;1;Китай;Livan;X3 Pro;1993;M;Сливовый;АИ-95;БКПП;True
eebac3b2-a720-442f-b57d-4f9baaa6bfb5;2;США;Geo;Metro;1982;D;Темно-синий;D;МКПП;True
336a6e12-f2b5-47c0-90ba-ba3c2745c2d2;3;Китай;EXEED;TXL;2019;D;Аквамарин;D;РКПП;False
a8f525eb-9fcb-46d2-b061-f1a570ccb4fb;2;Бразилия;Puma;GTB;1985;A;Светло-серый;АИ-95;АКПП;True
3b6bd11e-d04d-453d-9722-aaf090fcf3cc;4;Великобритания;Carbodies;FX4;1975;M;Тусклый серый;АИ-95;БКПП;False
dad7ef52-fbce-4957-bfe1-d41b2cc29cf0;2;Франция;Microcar;F8C;1972;C;Сливовый;АИ-92;РКПП;True
21e8e07b-ea58-46f3-a87b-9f4a84b8e49b;4;Япония;Mitsubishi;Sapporo;1971;C;Античный Белый;АИ-92;РКПП;True
c310dbac-30f3-4c2c-b494-fac2204c684f;6;Великобритания;Daimler;Regency;1977;S;Фиолетовый;АИ-92;БКПП;False
77e61d5c-e58d-4317-ac1c-e32f9bfb11e2;2;Китай;Dayun;Yuanzhi M1;1997;M;Коричневый;АИ-92;БКПП;True
33806a9a-3126-4b5d-976a-202b47eaa5d2;4;Япония;Daihatsu;Xenia;1976;S;Светло-голубой;D;АКПП;False
99e5f897-2909-420c-901c-1ef18298768a;0;Китай;Hafei;Brio;1990;M;Темно-голубой;D;МКПП;False
0935d757-76e2-4773-ab24-a2f6e98bc2bd;6;Германия;Wanderer;W50;1993;S;Красный;АИ-95;БКПП;False
e5264f0f-d0a8-40b3-8b84-a7345c9a1a2b;4;Великобритания;Rolls-Royce;Silver Wraith;1977;A;Желтый;D;РКПП;False
12bdc5d4-1deb-419f-966c-b36f0df3b9fd;4;Япония;Isuzu;Oasis;1981;j;Темно-зеленый;АИ-92;БКПП;True
4d4cc45f-54a6-45c0-9542-8bea50770dc3;6;Дания;Zenvo;ST1;2005;j;Малиновый;АИ-92;МКПП;False
2616c5c6-989b-426f-9b85-5494a6f68ca8;5;США;Oldsmobile;Series 70;2009;F;Желтый;АИ-92;АКПП;True
f35cc0ab-c79a-4b2a-8e0d-fbedf1e68494;0;Россия;Marussia;B1;2014;C;Индиго;АИ-92;АКПП;True
8a53c8e2-1a13-4e02-ad9f-e76a3d78659e;1;Китай;Xin Kai;SUV X3;2014;S;Каштановый;D;РКПП;True
252b8492-35f9-4074-90a1-c1acbfbf58ce;6;Северная Америка;AMC;Matador;2003;C;Слоновая кость;АИ-92;АКПП;True
555fe96c-e5ed-4640-a911-f0c24f772b27;4;Италия;Tazzari;Zero;1990;E;Белый;АИ-95;РКПП;False
bc85c29f-9434-431c-9a15-1e7972a6c5b0;1;Нидерланды;Donkervoort;D8 GTO;2009;E;Темно-серый;АИ-95;АКПП;False
93731c5c-64fd-4731-a3bb-dd2ec8ef18ca;3;Китай;Hozon;Neta GT;1980;j;Сине-фиолетовый;D;РКПП;True
d6fc771e-f9af-4340-8b6f-2f4ae5f1e65d;4;Япония;Suzuki;Ciaz;2014;E;Светло-голубой;D;МКПП;True
96f77d23-280c-4b9d-92e2-381aecce3edf;4;Великобритания;Land Rover;Discovery;1970;S;Оранжевый;D;РКПП;False
3d39cce3-d0dd-4871-bc55-ef67dc44010c;5;Китай;Changan;Shenlan SL03;1988;M;Серый;АИ-92;БКПП;False
df7ad7e7-76a4-4b99-aa74-5d9522268dd7;6;Китай;Nio;EC6;1990;S;Розовый;АИ-92;РКПП;True
bbca0a99-d5ba-457c-93b0-8c18e5d72893;5;Малайзия;Bufori;La Joya;2006;C;Коричневый;АИ-92;АКПП;False
be6df9be-e80a-4276-a9cd-b4a9bda898f1;6;США;Pierce-Arrow;Twelve;1992;C;Античный Белый;D;РКПП;True
e4b363d3-98fa-4cd8-b13a-61d57416bcda;5;Россия;Спортивные авто и Реплики;Shortcut;2003;E;Красный;АИ-92;МКПП;True
ca404a68-3884-4394-b0ce-7e087a65ba68;0;США;Lucid;Air;2005;M;Темно-оранжевый;АИ-95;БКПП;True
9545e71a-fff6-4d48-86d8-cc16c1b8311f;4;Франция;Facel Vega;FV;2009;S;Серебряный;D;БКПП;False
91ed0caa-24e5-4c58-877c-3388cc03c059;0;Узбекистан;Ravon;Matiz;1999;E;Черный;АИ-92;БКПП;True
43c0fc93-a30a-405c-b449-2b8bd968b8e6;5;Китай;Lifan;Solano;2021;M;Желтый;АИ-92;МКПП;False
0ad6fa12-ae34-411b-9fc9-2c34a6318bf9;0;Великобритания;Carbodies;FX4;1980;j;Лазурный;АИ-92;РКПП;False
def30e0d-1b79-4f83-ae27-54be3bfe4714;2;Испания;Santana;PS-10;1993;C;Сине-фиолетовый;АИ-95;БКПП;False
e39bcd1f-8c74-4c14-aa60-5792f57de2ee;4;Швейцария;Rinspeed;Chopster;2003;F;Бледно-Бирюзовый;АИ-95;БКПП;True
e460360d-8806-4a0d-9c29-a34f374ba453;2;Китай;Livan;X3 Pro;1973;E;Слоновая кость;АИ-92;РКПП;True
100063a3-73ba-4d58-8e78-6a2123eb95d9;1;Россия;Derways;Land Crown;1991;S;Светло-синий;АИ-95;МКПП;True
fff4c175-5bb6-4821-8332-554d7d74edab;1;Италия;De Tomaso;Bigua;2020;M;Аквамарин;АИ-95;БКПП;True
fa1ddc7c-585c-4e59-a913-b39aaf110a20;6;Италия;Lancia;Rally 037;2010;B;Васильковый;АИ-95;АКПП;True
15a956ee-9506-44a6-a609-4ce94c0f460d;2;Германия;Trabant;P 601;2011;C;Коричневый;D;АКПП;False
7811475f-bcda-4c5e-b745-ff4788610ae5;2;Франция;Peugeot;4007;2016;B;Золотой;АИ-92;БКПП;False
65bbd22c-26d9-4fe5-b2e5-352ba0375b8d;3;Россия;Derways;Saladin;1999;B;Красный;АИ-92;АКПП;False
c0e70e68-18e9-4e8e-9d60-82d3e41bec52;3;Румыния;Aro;10;1986;A;Тусклый серый;D;БКПП;True
608f779e-e208-49e7-a692-ab77db81e4b5;4;Китай;Blaval;FH-EQ;1971;A;Зеленый;АИ-92;АКПП;False
6d093251-e632-4e2f-b6c4-6504250ae38d;0;Великобритания;Morris;Marina;1989;F;Зеленый;АИ-92;РКПП;False
3ad14a44-2f0d-4555-a27c-86d9cd57180a;4;Великобритания;Rover;800;2010;S;Оранжевый;АИ-95;РКПП;True
6a0d0a00-678f-4dcc-8ee7-d7b0695afb29;1;Северная Америка;AMC;Rambler Classic;1972;F;Светло-зеленый;D;АКПП;True
54aea0e1-9f03-44a8-91b2-298937736b77;0;Китай;Jetour;X90;1974;E;Черный;АИ-92;РКПП;False
55d27558-5848-476c-acfd-1efd0d81bc3b;4;Великобритания;Carbodies;FX4;1974;j;Светло-серый;АИ-95;БКПП;True
9b162a9b-8c1e-4b44-89cf-f07d02cba4ac;3;Индия;TATA;Indigo;2015;j;Светло-желтый;D;АКПП;False
f398336c-2cf0-4aaa-abd9-a5776cf3cf85;6;США;Scion;iQ;1983;C;Цвет морской волны;АИ-92;РКПП;True
14afb40b-69cb-4f41-ba0a-1afc6929fb21;2;Великобритания;Aston Martin;DB7;1995;F;Аквамарин;АИ-95;РКПП;True
6c6e5147-6acd-4300-9b66-43f60f930ea5;2;Франция;Venturi;300 Atlantique;1984;E;Зеленый;АИ-92;МКПП;True
ae48817d-a1e6-48a7-9c42-c3dcf1493a00;0;США;DeSoto;Firedome;1986;C;Хаки;D;АКПП;True
07997daa-a0a2-49e2-8d56-3c9c3bbd19d4;3;Великобритания;Zenos;E10;2019;C;Красный;АИ-95;БКПП;True
7e3fc071-3279-4386-8caa-03cd7b4dedeb;0;Китай;Ciimo (DongFeng-Honda);X-NV;2019;D;Оранжево-красный;D;АКПП;True
0773b53e-55d8-4a55-b918-6cf2ef63a811;5;Германия;Porsche;Boxster;1972;j;Лазурный;АИ-95;МКПП;False
329bd21c-c804-4681-afb2-6b4193fd0edc;0;Китай;Qingling;Taga H;2006;M;Светло-серый;АИ-92;РКПП;False
85e6a24c-181f-42d0-8421-3470607aa9be;1;Китай;Seres;SF5;2010;B;Темно-бирюзовый;D;АКПП;True
c2359883-0c5d-4c97-87cc-67471256f9f0;1;Великобритания;GP;Madison;2003;C;Ярко-розовый;АИ-92;РКПП;False
eb7f149d-c767-4b9c-b8bb-c3ba1a34f851;4;Великобритания;Bristol;Blenheim Speedster;1992;S;Шоколадный;АИ-95;МКПП;False
c90d4c67-ee9b-4807-b841-8e0f63a8f33e;2;Иран;Iran Khodro;Dena;1971;A;Темно-бирюзовый;АИ-92;АКПП;True
a343680d-c80f-4752-b443-42e93d0265fd;1;США;Hummer;H2;1984;S;Фуксия;D;АКПП;True
d26d16f8-ed17-47ad-b5db-99b999605916;5;Южная Корея;Asia;Retona;1994;B;Серебряный;АИ-92;АКПП;False
86649b99-2aaf-4df8-a7cc-7494c294dafe;2;США;Renaissance;Tropica Roadster;1987;S;Тусклый серый;D;АКПП;True
d5b51ed2-ae9f-4520-8b87-5c4cf9c41096;4;США;Rezvani;Tank;1975;M;Слоновая кость;АИ-92;РКПП;False
0b760623-ee0a-426d-8f3a-06a97885e2e5;4;Китай;Enoreve;ME5;1987;D;Оранжево-красный;D;БКПП;False
692e5265-4636-4782-8f7b-aa40ad9a4c9f;3;Китай;Jetour;X95;1970;B;Темно-фиолетовый;АИ-95;АКПП;False
60a4358e-a963-4fe5-867b-14fc7406fd4d;2;Южная Корея;Genesis;GV70;1976;E;Серебряный;АИ-95;АКПП;True
fb0076ee-5124-427f-ba15-fb607b197a3f;1;Италия;Bertone;Freeclimber;2012;E;Темно-красный;D;БКПП;False
40295d44-0f08-43c8-adb0-56d8839463af;6;Китай;Yema;T70;2021;S;Светло-розовый;АИ-92;АКПП;True
1483ff1a-cba4-404d-b49a-5fc95374e298;3;Китай;Jonway;UFO A380;1970;C;Ярко-розовый;АИ-92;РКПП;True
851bbae1-9e82-4925-8e11-14c0d9a793f0;1;Япония;Mitsubishi;Delica D:3;1989;A;Темно-бирюзовый;АИ-95;МКПП;False
4eae4d44-332f-4737-a862-fd1df439202e;0;Китай;Jaecoo;J7;1986;B;Светло-голубой;D;АКПП;False
2600b425-1705-4e44-84b0-70a61d2aa931;4;Италия;Lamborghini;Espada;2014;C;Желтый;АИ-95;АКПП;True
81fa626c-83a9-41fd-b017-d9837dfa1cef;6;Северная Америка;AMC;Rambler Classic;2018;E;Слоновая кость;D;АКПП;False
06e793c5-501a-4ba6-9aa2-9c63aa8614de;1;Россия;Канонир;2317;2015;j;Темно-бирюзовый;АИ-92;МКПП;True
328b8088-803b-440b-871e-7c947ad5c047;3;Китай;Liebao Motor;Leopard;2018;j;Коралловый;АИ-95;АКПП;False
97a2c7bd-65d9-44f5-a15d-c967f60243b1;5;Китай;Changhe;Ideal;1974;C;Темно-серый;D;МКПП;False
a8c6c48a-0564-42c0-a25b-72a31f3e6ce9;3;Италия;Qvale;Mangusta;1970;S;Индиго;D;БКПП;False
dd5d5fb5-c832-482e-962c-7e4d8fca29d0;2;Великобритания;Jensen;S-V8;2002;D;Бирюзовый;АИ-95;БКПП;True
50e4a7d5-ece6-4860-9743-1d52edbce481;0;Германия;Volkswagen;Karmann-Ghia;2016;C;Темно-оранжевый;АИ-92;РКПП;True
3ffd028c-bff1-46f5-aaae-aa69cc416a44;2;Великобритания;McLaren;GT;2001;B;Оранжево-красный;D;БКПП;True
a4265f2f-e1d5-44c0-94f0-47fad62837e9;6;Великобритания;Ronart;Lightning;1975;j;Бледно-Бирюзовый;АИ-95;АКПП;True
7361ebb3-3189-4b88-b447-c63078d47c4b;1;Китай;Yema;T70;1980;C;Фиолетовый;D;РКПП;False
97b6f6bf-8d1d-4652-a735-ad7ad34c6f0b;3;Китай;OMODA;S5 GT;2001;S;Светло-серый;АИ-95;РКПП;True
9459345b-ef6c-453f-987f-5d75a6140749;3;Франция;Bugatti;Chiron;1979;S;Красный;АИ-92;МКПП;False
916efa2d-b297-4716-80b3-04073f406b35;3;Германия;Opel;Diplomat;2020;C;Зеленый;АИ-92;АКПП;False
579b8b08-a82c-4874-8100-832a594e7b0f;6;США;Lincoln;Mark LT;2000;E;Темно-фиолетовый;АИ-95;БКПП;True
085c46d0-091a-4426-b5a1-72701f50a05d;6;Россия;Ё-мобиль;Ё-Кроссовер;1997;S;Цвет морской волны;АИ-92;РКПП;True
988d8e03-67b8-4403-a511-51a712a849ee;5;Италия;Alfa Romeo;Sprint;2019;C;Бежевый;D;МКПП;True
c0ec1477-89e3-4519-8cf6-2854dd7b2f4b;5;Германия;Volkswagen;Golf R32;2017;S;Сине-фиолетовый;D;БКПП;True
cf4f71d2-3f4f-44b1-8724-d358fbfcb78e;1;Тайвань;Yulon;Feeling;1985;E;Сливовый;D;РКПП;True
fbc1ec36-f434-41f3-a52b-8cf77f19f499;3;Китай;Haima;Family F7;1996;B;Пурпурный;АИ-92;БКПП;False
869ea05f-9f3b-4c5a-a271-9dc9ca7b22d1;0;Великобритания;Eagle Cars;SS;2022;F;Античный Белый;D;РКПП;True
6c50a9b0-6391-422c-ad0b-65068ca50740;2;Великобритания;Morgan;Aero Coupe;2007;B;Темно-фиолетовый;D;БКПП;False
c7190724-da78-44fd-a2ef-59607dd63f08;4;Германия;Alpina;B7;1975;D;Хаки;АИ-95;БКПП;True
fc37d387-3b7e-41b3-b322-d8e37d23c4d9;2;Италия;Coggiola;T Rex;2018;E;Античный Белый;D;РКПП;False
5e8cec12-cc6e-4769-ab4c-bf0048b7ad5c;2;Россия;Автокам;3101;2007;E;Античный Белый;АИ-95;АКПП;False
0b70e447-ff55-498a-a989-0c6fa7567390;4;Великобритания;Morgan;Aero Coupe;1972;S;Светло-зеленый;АИ-92;БКПП;True
2afa2806-0e06-40a0-80c0-58d2d126214f;6;Вьетнам;VinFast;VF9;2020;j;Темно-синий;АИ-95;РКПП;True
22f137e5-a2c3-4f31-995f-58bf5a8a96f6;5;Китай;GAC Aion;LX Plus;2020;B;Желто-зеленый;АИ-92;БКПП;True
6682b15d-f008-4f99-8291-2498a2a3948f;6;США;Vector;M12;1978;S;Черный;АИ-95;АКПП;True
c2471e90-5268-4bc7-8d89-d638db015a3c;3;Китай;Jetta;VA3;1976;D;Фуксия;АИ-92;АКПП;True
0394df52-5eae-4c95-901a-ecbd0ae283ca;0;США;Scion;FR-S;1981;S;Желтый;АИ-95;БКПП;False
2482a83a-94ea-473b-ad05-f5ff04851812;0;Китай;BYD;Song Pro;2023;M;Хаки;АИ-92;БКПП;True
bd016460-92f4-4a26-912a-9d3507ebd2f3;5;США;Buick;Rendezvous;2000;j;Желтый;АИ-92;РКПП;False
865f8c67-dead-4704-b8e7-64df83afa432;0;Япония;Acura;RL;2016;D;Васильковый;АИ-92;МКПП;True
6be64e07-869b-4656-9451-566f10d9ec47;6;Япония;Honda;Freed;1999;M;Розовато-лавандовый;D;АКПП;False
676a80f9-62f7-4baf-82a1-0f1f13f18107;2;США;Tesla;Model X;1985;F;Индиго;D;МКПП;False
b3686c57-9cfa-44c6-8648-282738731ff8;3;Великобритания;Caterham;21;1990;C;Бежевый;АИ-95;МКПП;False
341f907d-c772-4aff-8180-af252462ce86;2;Великобритания;TVR;Tasmin;1987;j;Сливовый;D;МКПП;True
fb95c94c-2544-482e-91db-5fcd358bb23f;1;Китай;Avatr;11;2018;S;Серый;АИ-95;МКПП;False
788121a1-ea4a-4ed2-94ef-297661fbd8dc;1;Германия;Adler;Diplomat;2020;F;Светло-голубой;АИ-92;АКПП;True
83372223-9407-416e-968f-d51c9d8fe2ff;2;Китай;Zeekr;X;1982;D;Бледно-зеленый;D;БКПП;True
ee7eabd8-6f97-4af0-909d-ebc0b5f1ef10;1;Южная Корея;Renault Samsung;QM5;1999;B;Синий;D;МКПП;False
af956f63-df69-4015-94f3-ccbf6d7b973a;2;Китай;Weltmeister;EX5;2023;C;Бледно-зеленый;D;РКПП;False
7e5402ed-27ab-4f0a-a140-8a5d0a3ec884;3;Япония;Subaru;R2;2021;M;Розовато-лавандовый;АИ-95;РКПП;False
550836e0-f3eb-43ea-a0a9-da3781d60046;5;Китай;BAW;Ace M7;2020;E;Темно-розовый;АИ-92;АКПП;True
581a7f40-ffc9-4007-9f12-da978e0c3cff;3;Германия;Wiesmann;GT;1978;F;Оранжево-красный;D;РКПП;False
d403a153-1549-4825-8992-deaf8724e922;4;Китай;Shanghai Maple;C51;1992;E;Темно-фиолетовый;АИ-95;АКПП;True
fad9933a-c0e1-4433-ae1f-462cd1e1487c;4;Франция;Renault;Floride;1979;D;Сливовый;АИ-95;МКПП;True
df7f3f75-85ea-46fc-908c-35b8f1f2efbc;1;США;Eagle;Premier;1983;A;Пурпурный;АИ-92;РКПП;True
5250c698-2dff-4ca5-8716-6a6f5f536224;0;США;DeSoto;Fireflite;2004;j;Белый;АИ-92;БКПП;False
5d08da07-23db-41f0-9e69-838d04a52cb6;4;США;Pontiac;G6;1999;E;Фиолетовый;D;АКПП;True
a7f9da22-d5a3-4d55-abfe-9e738e4f2175;1;Китай;GAC;M8;1990;D;Синий;АИ-95;МКПП;False
d4351cd7-27e9-4b33-8d39-3e6e920c79af;4;Китай;Yema;T70;2017;A;Светло-синий;D;МКПП;False
7893ce0a-7474-4e89-8435-025e9109905a;4;Китай;Tianma;Dragon;1988;S;Темно-голубой;АИ-95;БКПП;True
62a64d64-1b5f-4a3f-b419-818b006c73a8;1;Китай;Livan;X3 Pro;1992;C;Синий;D;РКПП;True
990a80a6-38fe-4954-8b11-e3579c26ab73;4;Китай;Brilliance;V3;2019;D;Зеленый;D;АКПП;False
af4917c7-2960-4ca7-ba67-c489a17d8c7e;1;Китай;OMODA;C5;2021;F;Сине-фиолетовый;D;РКПП;True
3d54ab48-91ad-4e3e-9b81-731a403aad2c;3;Великобритания;Aston Martin;DB7;2011;A;Синий;АИ-92;БКПП;True
91d50655-1b16-40cf-9681-2e37e8fe7408;4;Германия;Auto Union;1000 Sp;1976;D;Синий;D;МКПП;False
8242e923-ba1c-4cb8-a913-efb614da4fe8;2;США;Dodge;Magnum;1999;F;Белый;D;АКПП;True
c54439dc-e076-4b97-974c-c064d9ae3bf7;1;Великобритания;Ultima;RS;1993;D;Темно-розовый;D;АКПП;True
5ec44f88-7981-448b-9834-e3b7eeed903d;6;Китай;Wuling;Star Asta;1992;C;Фуксия;D;АКПП;True
bfa34c26-65a9-4cfd-bc36-f646315c6be0;2;Испания;Tramontana;Tramontana;1984;A;Бежевый;D;МКПП;False
889178b0-7fae-42fa-950d-1cf45f18c8a4;5;Малайзия;Perodua;Kembara;2022;B;Коралловый;АИ-95;МКПП;True
8cb26230-e2f7-4b4d-bd84-0e7eb9b3247e;3;Великобритания;MG;Xpower SV;2001;j;Розовый;АИ-92;БКПП;False
6da78500-c2e0-4db7-ab8d-a446ea7d6448;2;Китай;Jaecoo;J7;2000;M;Светло-синий;D;РКПП;False
c2edb0ab-b6d7-4342-936c-4ef9f7a7ab8a;5;Китай;Forthing;Yacht;2014;C;Желто-зеленый;АИ-95;БКПП;False
6fc211d8-546e-421c-8a32-1b4ef67827bf;1;Южная Корея;Asia;Topic;1980;B;Цвет морской волны;АИ-92;РКПП;False
8f103a78-3ec3-479e-bf66-33a10e745d00;1;США;Mercury;Mystique;1989;C;Черный;АИ-92;АКПП;False
c8cace32-2283-407c-ac48-b1dd553467c7;4;США;Willys;MB;1998;j;Золотой;АИ-92;МКПП;False
3e8ebb5b-f910-4109-bd47-a0908eff5425;5;Китай;FAW;Bestune T77;1980;A;Светло-зеленый;D;БКПП;True
8dcb5e2f-6421-4c16-8ab5-7ff9e4fa1d14;1;Россия;Канонир;2317;1972;C;Светло-розовый;АИ-92;АКПП;True
0e18dcc7-cbf8-4c21-8515-cbd231882bb4;4;Россия;Москвич;3;1982;D;Желто-зеленый;АИ-92;АКПП;True
c8b7590b-3e8d-4813-a036-aa257f8082bb;4;Великобритания;Talbot;Samba;1996;j;Темно-бирюзовый;D;РКПП;True
0c2e5b31-abc8-411f-babf-64c17dead85c;4;Китай;Changhe;Ideal;2017;D;Коралловый;АИ-92;МКПП;False
c2fbd2f2-6137-4fd9-8836-6747531a52bd;1;Италия;Innocenti;Mini;1991;F;Серебряный;D;МКПП;True
12daab00-8173-40ce-a9a0-045d41d4af54;3;Китай;Dadi;City Leading;1999;M;Темно-зеленый;АИ-92;МКПП;True
cb6264ca-093b-4a25-a15c-a1320f5d7d22;1;США;Buick;Skyhawk;2023;j;Бирюзовый;АИ-95;МКПП;False
ad0fba20-1582-4e69-ad93-83d41dc2e5f4;1;Иран;Saipa;Quick;1974;j;Фиолетовый;АИ-95;МКПП;False
5d01bcc4-9e41-45c4-ad07-6dd5fd223e88;0;Китай;Shanghai Maple;C32;1980;j;Фиолетовый;АИ-95;РКПП;False
12904a8c-888f-410c-88f8-60c60910d384;4;Япония;Daihatsu;Storia;2022;F;Розовато-лавандовый;АИ-95;РКПП;False
46ed8526-1fd2-480a-bf51-f54554330f5c;6;Китай;Forthing;Yacht;2023;D;Серый;АИ-95;АКПП;False
8d62f952-9a56-43ba-a990-f831d8202623;2;Объединённые Арабские Эмираты;W Motors;Fenyr Supersport;2007;F;Цвет морской волны;АИ-92;АКПП;True
377bf0ce-34f2-410e-b9f1-35caa6aed1d7;4;Россия;ИЖ;27175;1971;D;Сине-фиолетовый;D;БКПП;False
8e7633af-3045-4e02-9fe0-dcee69439081;2;Южная Корея;SsangYong;Stavic;2023;B;Розовато-лавандовый;АИ-92;РКПП;False
d5993b4d-a22f-4d55-bee8-74a4d146be51;3;Великобритания;Caterham;CSR;2004;A;Аквамарин;D;РКПП;True
8018b043-35f7-465b-9553-0379f28950d0;3;Китай;Seres;SF5;2002;M;Черный;АИ-95;БКПП;False
ffc6628a-97fc-4867-8edb-cd3c3e88e455;3;США;Plymouth;Satellite;2014;S;Темно-синий;D;АКПП;True
941004c3-4d69-4796-9d7b-317b44a0e39f;4;Китай;Tianma;Century;2012;F;Сине-фиолетовый;АИ-92;БКПП;True
e0594091-ff20-4c2a-a740-1120f31160de;1;Франция;Matra;Murena;1999;S;Желтый;АИ-92;АКПП;True
7ed8110f-f04e-418d-9208-eb151adc0888;3;Великобритания;Aston Martin;Bulldog;1976;A;Бежевый;АИ-95;РКПП;True
47f59ac8-7eaf-4414-be91-16b0d283c27c;2;США;International;Travelall;2000;S;Ярко-розовый;АИ-92;РКПП;True
311203dc-c8de-4e8e-a01d-41bb22bebd3f;3;США;Plymouth;Sundance;2018;A;Темный хаки;D;МКПП;True
6bb8d385-dc17-43ad-80de-ad2c468a1ef5;4;Китай;Voyah;Passion;1992;E;Светло-желтый;АИ-92;БКПП;False
c51b644a-8c4a-4b0e-b0c1-a720991b413a;3;Россия;Ё-мобиль;Ё-Кроссовер;1981;j;Лазурный;АИ-95;АКПП;False
406adc66-4a01-4210-9b77-d800f3f684b1;3;Китай;Kaiyi;X3 Pro;2018;D;Бежевый;АИ-92;БКПП;False
1f1a827e-85b0-4ce0-b6ee-c925cf2b6598;2;Сербия;Zastava;10;1971;C;Бежевый;АИ-95;АКПП;False
3ef32fdb-9459-4355-85e8-06ebcf7b73b5;0;Китай;Maxus;T90;1979;F;Сливовый;АИ-95;БКПП;False
77ecee1c-f3f5-4046-8ea9-ff2047a473e1;0;Япония;Daihatsu;Esse;1991;F;Тусклый серый;D;АКПП;False
c339c473-1c43-447c-9a83-376e452cc751;6;Швеция;Saab;9-5;1997;j;Светло-розовый;АИ-92;БКПП;False
8061e56b-91bb-4725-899e-ed93250f46c8;4;Китай;Ciimo (DongFeng-Honda);M-NV;1996;E;Хаки;АИ-92;БКПП;True
81921a40-28eb-4455-ba12-d37a0652f5bc;6;Китай;Gonow;Troy;2014;B;Сливовый;АИ-92;РКПП;False
5ebeb72a-0e61-43e2-bf2c-cd3247f79fcf;6;Объединённые Арабские Эмираты;W Motors;Fenyr Supersport;1980;S;Темно-фиолетовый;АИ-95;МКПП;False
514742c6-447e-4ebd-b705-214fd2833fd1;3;Китай;Qiantu;K50;2021;E;Розовый;АИ-92;МКПП;True
3b83e860-4d00-4d35-b18c-e590f9b4e981;5;Швеция;Volvo;P1800;1983;M;Светло-розовый;АИ-95;МКПП;False
21c42390-cba7-49ca-9cc8-a29076da9068;5;Великобритания;LTI;TX;1982;F;Темно-голубой;D;РКПП;True
cb03fd54-e269-4eb4-9243-50569113da6c;4;Германия;PUCH;G-modell;1977;D;Оранжево-красный;D;БКПП;False
8efa28f1-cc04-48cb-bc37-ed6540e48465;6;Китай;HiPhi;Y;1997;A;Темно-розовый;АИ-95;МКПП;True
97d43fd1-c5c1-475b-88b5-469023c4f73c;1;Россия;Evolute;i-PRO;2020;B;Ярко-розовый;АИ-92;РКПП;False
4acc3272-292d-4fda-8ed8-2fa0ec30bc18;1;Дания;Spyker;C8;2005;E;Светло-синий;D;БКПП;False
3aa25bf8-6604-490d-802b-dfe6f48679e2;0;Малайзия;Proton;Iriz;2006;j;Сине-фиолетовый;D;БКПП;False
61807357-c312-48b8-99d8-49664868cac5;3;Россия;Marussia;B1;2003;D;Фуксия;АИ-95;РКПП;True
4ee24741-eb9c-4313-a1be-a97261c58395;6;США;Mercury;Tracer;1976;F;Темный хаки;АИ-95;АКПП;True
f72c0740-8096-4444-9e5c-79009d627a3e;1;Беларусь;Belgee;X50;1991;j;Сине-фиолетовый;АИ-95;МКПП;True
c71cadfa-7368-41e3-a1a6-1db8fe6ebc8f;5;Китай;Haima;6P;2015;F;Темно-красный;АИ-92;МКПП;False
dc9e916c-d36b-4681-9f3e-8a753936bbb7;2;Китай;Skyworth;EV6;1988;E;Сливовый;АИ-95;БКПП;False
735bb68e-31ac-4420-b411-843ae6fd56a9;3;Япония;Mazda;323;1999;C;Черный;АИ-95;АКПП;False
d02f98ea-e9ee-4f2d-9387-0229f7e67661;3;США;RAM;1500;2007;M;Индиго;D;РКПП;True
f090ab8a-11d5-4aa7-a5d7-5c920576e902;6;США;Hudson;Super Six;2020;M;Фиолетовый;АИ-92;МКПП;True
7de5c56e-7fe4-42b2-a0ca-6e14a43adaf5;2;Китай;Jonway;UFO A380;2023;E;Серый;АИ-95;БКПП;False
df1c9b70-71df-4add-babd-8a8672ecc3bd;3;Великобритания;Ronart;Lightning;1992;F;Золотой;АИ-92;РКПП;True
8d3da38b-10df-4624-bf1d-1d88de4bbb42;4;Иран;Saipa;Tiba;1977;j;Красный;D;МКПП;True
d2983ecf-8a15-4269-a93a-8ac4970acbf2;3;Китай;Haima;7;2020;B;Лазурный;АИ-92;БКПП;True
e47057f3-2b05-4d2f-afbb-802705a5a2fe;1;Китай;Jonway;UFO A380;2019;M;Каштановый;D;РКПП;False
9ffa6dc7-2fb8-4a54-b373-b99d57421884;0;Франция;JMEV;GSE/Yi;2002;D;Слоновая кость;D;АКПП;True
98d9db14-7a63-4e95-af99-b2a661158957;3;Франция;DS;3;1991;M;Лазурный;АИ-92;АКПП;False
eccac7d2-bed8-49f6-8d15-b09468bfa9ed;4;Китай;Weltmeister;E5;1978;E;Васильковый;АИ-92;АКПП;True
24df8fa4-fae4-4704-b29d-dae800a51d22;5;Объединённые Арабские Эмираты;W Motors;Lykan Hypersport;2004;C;Розовато-лавандовый;АИ-95;АКПП;True
eb4d9b58-e6ce-4319-8048-a1426bfe4ab9;5;Великобритания;Ronart;Lightning;2012;B;Аквамарин;АИ-92;АКПП;False
0d67a978-b613-4624-862b-b4f78d328e26;4;Китай;Jetour;X70;1999;F;Светло-серый;АИ-92;БКПП;True
2f80de2c-7446-46dd-9108-196439e63a2e;1;Россия;Руссо-Балт;С24;2012;F;Красный;АИ-95;АКПП;True
23a88b55-65e3-4773-bbfb-9f67dc418bed;1;Китай;Skyworth;EV6;2006;D;Темно-зеленый;АИ-92;БКПП;True
9c2a79e9-b75f-43d1-b132-f836dc9e0a3e;4;США;Chevrolet;El Camino;1983;A;Светло-розовый;D;АКПП;False
965b12ed-d30e-4b2e-ade6-b745b709f445;2;Китай;Zotye;Z300;1974;F;Темно-розовый;АИ-92;АКПП;False
f318ed1a-b789-4aa4-8468-7e099afa7985;6;Индия;Mahindra;Armada;1984;B;Ярко-розовый;АИ-95;МКПП;True
3c3613e5-22bd-48c6-b8e9-6d3f4451dd3b;3;Италия;Piaggio;Porter;1981;S;Цвет морской волны;АИ-95;РКПП;False
dccfa69e-cf07-45e9-ab68-84fd95b9cd40;4;Южная Корея;Kia;Borrego;1984;S;Цвет морской волны;D;МКПП;True
9c1bc4ba-0d38-4917-80d2-23105096073d;5;Китай;Forthing;T5 EVO;2008;D;Темно-синий;АИ-92;МКПП;True
e1e08eff-4de9-4ed5-8816-88c98625503c;4;Испания;Cupra;Leon;1995;E;Светло-синий;АИ-95;МКПП;True
0ea503ab-1273-47cc-8758-02224d2c2f82;4;Германия;Volkswagen;Passat CC;1980;A;Светло-розовый;АИ-95;МКПП;True
30ebc27f-252e-4999-93fa-eaf067c4deca;4;Китай;Maxus;G50;1978;S;Темный хаки;АИ-95;АКПП;False
fd295310-7554-46d4-8720-878c5eb0c9d0;6;Япония;Subaru;XV;2009;D;Красный;АИ-95;БКПП;True
8b3e1898-784c-4bbf-9066-e473e543dd0a;6;Китай;Blaval;FH-EQ;2008;M;Темный хаки;АИ-95;МКПП;True
625b8149-ba3c-4624-b6e1-d156a6df7e56;0;Германия;Opel;Calibra;2002;A;Темно-голубой;D;РКПП;True
55cc577b-3a0a-4d32-b8e6-62f5ab5486a4;1;Китай;Yema;T70;1984;A;Темно-зеленый;АИ-92;РКПП;True
0e85b37e-ad15-4e31-9dca-9d96b95499d6;3;Китай;Jetour;X95;2006;D;Фиолетовый;АИ-92;БКПП;False
bec1a34c-00b0-4e16-b3de-74fd67f49396;6;Южная Корея;Daewoo;Magnus;1985;j;Зеленый;АИ-92;МКПП;False
b2f26e0e-af60-4236-a482-d110a1360c3f;3;Великобритания;Ariel;Nomad;1980;A;Темно-голубой;АИ-95;АКПП;False
b99731dd-5ad6-4afd-93ef-b5b9b2a71a97;1;США;Dodge;Magnum;2009;E;Темно-бирюзовый;АИ-92;БКПП;True
a0b9d537-a606-425c-ba02-8e112fd2e26e;5;Россия;Автокам;2163;1990;M;Светло-серый;АИ-95;АКПП;True
94e9c577-7e9d-42d5-b679-e5fb5d6c5f9b;3;Чехия;Tatra;87;1989;A;Цвет морской волны;D;АКПП;True
a94f7480-2268-413d-933b-be667bf827a5;0;Франция;PGO;Cevennes;2007;D;Светло-синий;АИ-92;БКПП;False
5ff25c91-fedd-4fbf-8d0e-0f768aad0ea0;5;Китай;Xin Kai;Pickup X3;2004;S;Коричневый;АИ-92;АКПП;False
f5be54fb-7226-4a37-a547-66e89077f464;0;США;Batmobile;1989;1988;C;Красный;АИ-95;МКПП;False
7ae7fbb8-3b81-478f-bcbf-671312020004;6;Китай;FAW;Besturn X40;1979;F;Слоновая кость;АИ-95;МКПП;True
56c217bb-f247-42a2-8be5-ac978dec5255;1;США;Pontiac;Wave;1979;D;Белый;АИ-92;РКПП;True
427cdfe6-7f71-4be6-a874-ceda0213f79b;5;Италия;Autobianchi;A 112;1985;E;Пурпурный;АИ-95;БКПП;True
6a8ffb6d-1e1d-4732-839b-b3d93dca86a4;3;Южная Корея;Renault Samsung;SM5;1989;D;Ярко-розовый;АИ-92;БКПП;True
c5c06cc7-e975-44cf-8414-8e1485f11a59;1;Россия;Sollers;ST6;1995;B;Бирюзовый;АИ-95;РКПП;False
18b8144f-6d8c-4ba7-ab1c-84204b146659;5;Китай;Liebao Motor;Leopard;1975;M;Пурпурный;АИ-92;РКПП;True
a6427aa8-480e-4ac1-b61c-008c84035e9c;1;Китай;LiXiang;L8;1976;F;Белый;АИ-92;РКПП;True
547d0157-80b6-470f-90d1-e0a82f2d7707;2;Россия;Flanker;F;2001;D;Фиолетовый;АИ-92;БКПП;True
12871046-53e3-42c9-b1f1-e37b342dd9e4;3;Латвия;Baltijas Dzips;BD-1322;2017;F;Лазурный;АИ-95;АКПП;True
26e35fd6-b8b9-422c-a021-3aeb3f534828;2;Швеция;Polestar;1;2014;D;Темно-синий;АИ-92;МКПП;True
94ac75ff-bc7b-4e45-a170-5a6d7d5ad171;5;Россия;DW Hower;H5;1996;F;Слоновая кость;АИ-95;АКПП;True
dc465ee0-ba11-4f74-8a6c-27e9ef827083;5;Чехия;Skoda;Enyaq Coupe RS;1981;D;Каштановый;АИ-95;БКПП;False
a893e84f-98c0-4b7b-b162-7e7506a3a42b;1;Италия;Maserati;GranTurismo;1971;E;Индиго;D;МКПП;True
2ed175f1-591e-4503-a1d5-3fe8d086f3b4;5;Китай;Chana;Benni;1999;D;Ярко-розовый;D;БКПП;False
0094254c-fee6-4920-8a15-32749414ef8a;1;Россия;Bilenkin;Vintage;1996;j;Светло-желтый;D;РКПП;True
1d42c4a5-ae2d-4db0-89dc-3e8cac3ec147;6;Швеция;Polestar;2;2009;F;Бледно-Бирюзовый;АИ-95;РКПП;True
508d69a1-6241-46bf-8694-2668c8ab4453;0;Китай;Nio;ES6;1976;C;Темно-серый;D;АКПП;True
5042a9c1-17f5-42fd-b0fe-703c73aea7d3;5;Россия;Marussia;B1;1993;F;Темно-красный;АИ-95;МКПП;False
cf7aa1d5-cb7a-4c86-962c-a8d4df6c7448;2;Китай;Tank;300;1987;j;Светло-зеленый;АИ-95;БКПП;True
f9368fcb-9a1a-4c52-b9a6-66fae5a242ef;2;Таиланд;Thairung;Transformer;2006;S;Коричневый;АИ-92;РКПП;True
471f9085-4244-4108-831c-58b63b08c03c;3;Китай;Maxus;D60;1973;F;Темно-розовый;АИ-95;МКПП;True
412147da-4845-4df9-be22-f4bb79941c4b;5;Мексика;VUHL;05;2014;S;Аквамарин;АИ-95;АКПП;True
f70218e9-5582-4c10-b2fb-7ee8c7951f97;1;Франция;JMEV;GSE/Yi;2006;D;Светло-синий;АИ-95;МКПП;False
3c24f634-b1a3-4514-8e56-5779c88a28db;0;Китай;Hafei;Princip;1971;S;Светло-зеленый;АИ-95;АКПП;True
0f82f9cd-6cd2-4058-bade-d80f8a9dca36;4;Франция;PGO;Cevennes;2013;E;Серый;АИ-95;БКПП;True
669423c1-7fdd-446f-830f-7ffc415fec1c;2;Китай;Zotye;Z300;1990;S;Каштановый;АИ-95;МКПП;False
878aadd0-f353-4e41-90d7-6f311e2c2a23;4;Россия;АТОМ;01;2004;E;Ярко-розовый;D;БКПП;False
1cec05bf-c7b2-43e2-9234-b7db762410da;6;Беларусь;Belgee;X50;1975;M;Сине-фиолетовый;АИ-92;АКПП;False
057dc78a-e6df-4093-a63e-573367595dae;6;Китай;Changhe;Ideal;1988;A;Аквамарин;D;АКПП;False
f50fd28e-14e7-40ca-bec4-657359101987;4;Китай;Tianye;Admiral;1974;A;Оранжево-красный;D;БКПП;False
2c0edaa5-7955-4823-acd0-c28f377dd184;4;Северная Америка;AMC;Matador;2010;D;Темно-зеленый;D;МКПП;True
fba634af-446b-40a8-8c57-51e994e413ce;2;Великобритания;Marcos;LM 400;2011;F;Розовато-лавандовый;АИ-92;БКПП;False
6242a92e-74c0-4901-9f2e-722d3603c978;0;Китай;Shanghai Maple;C61;1979;F;Розовый;АИ-95;РКПП;True
78d99cfc-d4e2-4c3c-aa71-ab284487ee7c;3;Великобритания;GP;Madison;2006;A;Сине-фиолетовый;D;РКПП;False
ba1581b0-f6a8-4b54-9aea-53e46bde2201;2;Великобритания;Talbot;Tagora;2021;C;Темно-бирюзовый;D;МКПП;True
a8593f3a-5c11-4276-848e-6c86015611f2;4;Россия;Evolute;i-JOY;1996;F;Каштановый;АИ-92;АКПП;False
e8d38028-9287-42ca-b225-16debfacd498;3;Индия;Bajaj;Qute;1981;M;Сливовый;АИ-92;РКПП;False
7028c346-b7bf-4231-9678-3e9bb3092b79;2;Китай;Aiways;U6;2005;D;Шоколадный;АИ-92;РКПП;False
09f7ce35-036a-443e-9240-1d374ff7ed85;4;Китай;Voyah;Passion;2000;B;Темно-оранжевый;АИ-92;МКПП;True
6a611d7c-c09b-41f4-bc8b-face4b749bdf;2;Германия;Alpina;XD3;2018;C;Черный;АИ-92;МКПП;False
f07e4041-eb84-4acd-a35b-f921e8aa1ef8;0;США;DeSoto;Fireflite;2008;E;Темно-фиолетовый;D;АКПП;False
7181e330-304e-4034-8a86-0c802ffd87ea;5;Индия;Hindustan;Ambassador;2014;C;Синий;D;БКПП;True
b9d662cb-c3ac-4b39-8fb1-9e4c10591048;0;США;Jeep;Gladiator;2019;B;Розовато-лавандовый;АИ-92;БКПП;False
2281bb1a-dee3-4e33-ba9b-b6f89c716d8a;3;Великобритания;Morris;Marina;1997;A;Бирюзовый;АИ-95;МКПП;True
35dff9ef-95f6-488a-8587-0bab093a184d;3;Китай;Foton;Tunland G7;1990;F;Светло-серый;D;АКПП;False
5fb81f6c-79f2-4715-8785-119c1dd2b91e;3;Китай;Skywell;HT-i;2005;E;Серебряный;D;АКПП;True
753586e4-c767-48e6-a8a6-144dec4b0bb3;3;Япония;Nissan;Bassara;2004;D;Ярко-розовый;АИ-95;МКПП;True
e8f96ee0-f716-4687-86e5-79eeeca47bda;5;Австралия;HSV;Maloo;1997;A;Ярко-розовый;АИ-92;АКПП;False
b5584f51-dfe0-471a-abde-84037ec4f57d;2;Япония;Mazda;MX-6;2010;F;Хаки;АИ-92;БКПП;False
8d48c70f-4692-4607-ac0c-c24415d5be67;5;США;Chevrolet;Lumina;1988;D;Тусклый серый;АИ-95;МКПП;False
8168a971-ed14-4c50-8294-393b249d0a5b;0;Франция;Matra;Murena;1975;M;Желто-зеленый;D;РКПП;False
1de833c1-4f64-4a49-89e1-af824ef39b6f;2;Франция;Delage;D12;1998;D;Золотой;D;БКПП;True
6ff50077-089b-4a9e-b86f-e79340dd47bf;5;Япония;Suzuki;Cultus;2001;j;Бледно-зеленый;АИ-92;МКПП;False
cc1a3ad5-2abf-460c-98fe-c46878ba0587;2;Великобритания;Ariel;Nomad;2012;M;Слоновая кость;АИ-95;РКПП;False
6d11a71d-435d-48fe-92c2-282c5676cf0c;6;США;Excalibur;Series IV;1973;M;Розовый;АИ-92;РКПП;False
2c0ca7f8-ea61-4ec4-b726-56d59a8509e1;6;Южная Корея;Renault Samsung;QM3;2018;M;Темно-серый;АИ-95;МКПП;True
40357e33-f6d3-46cf-961d-cb33f870165a;3;Великобритания;AC;Aceca;2017;E;Темно-голубой;АИ-92;АКПП;False
bc737887-6329-4838-81ef-f6266a98a03c;5;Россия;DW Hower;H3;2008;C;Малиновый;D;РКПП;False
5ea1e82c-793c-4378-a563-c7c2e8ef0d89;0;Россия;ЗИЛ;114;1983;C;Зеленый;АИ-95;БКПП;False
fef2e27c-00b7-4b78-bed4-dd794510782d;1;Великобритания;Jaguar;XF;1977;j;Серебряный;D;БКПП;False
26714ee1-cff7-4094-9e76-39ddfcd678dd;0;Россия;Спортивные авто и Реплики;Драгстер;1990;j;Бледно-Бирюзовый;АИ-95;АКПП;True
92e66c4e-3f33-42e5-ace6-921487b4bb97;1;Франция;Microcar;Virgo;1970;D;Индиго;D;БКПП;False
183f45fc-2ac6-46c8-baee-38857542f3e3;4;Россия;Aurus;Senat;1995;M;Бирюзовый;АИ-92;МКПП;False
4972a9fe-aa67-4f74-aa8b-a78e42a0b527;4;Россия;Москвич;424;2006;F;Оранжевый;D;РКПП;False
98fc2696-0577-4a63-ad4f-316cb61c948d;6;Китай;Chana;SC6390;2006;S;Темно-голубой;D;МКПП;False
480ac0b8-3ea5-4880-ae78-e6c8f59af976;6;Китай;KYC;F3;1997;D;Красный;АИ-92;МКПП;True
f0a094cc-25d8-4df2-b799-4ad80bc0ff60;0;Тайвань;Luxgen;U7 Turbo;1997;F;Зеленый;АИ-95;БКПП;False
35cb2a8a-a94e-4f53-8b9c-dcacad0154c8;4;Великобритания;Lotus;3-Eleven;1971;F;Синий;АИ-95;БКПП;False
a613ba35-766c-4f8f-9288-0357fd3de198;3;Германия;Isdera;Commendatore 112i;2001;F;Индиго;АИ-95;МКПП;True
ccc0bdd7-fa7e-40f5-adfe-8926f1b10eda;0;Япония;Acura;NSX;1985;j;Сливовый;АИ-92;МКПП;True
a4bdc6e1-59bb-48f0-bfbb-355c76038a4c;5;США;Callaway;C12;1994;E;Темно-фиолетовый;АИ-95;МКПП;True
1b112e53-fbe9-4c17-a1d5-b01fc7b9d0f0;0;Беларусь;Belgee;X50;1978;M;Черный;АИ-95;РКПП;True
1c6a9e2b-294d-494b-b880-fd12039f1078;4;Китай;Geely;Atlas;1997;M;Темно-голубой;АИ-95;АКПП;True
7c13fc52-61a4-47e8-bffd-fbad5d1125cd;1;Великобритания;AC;Aceca;1970;B;Зеленый;D;РКПП;False
6b82942c-80d1-4397-af6c-3cd357a8114c;4;Франция;Renault;Latitude;2006;D;Темный хаки;АИ-95;АКПП;False
a68f6782-acbc-49c3-b1bf-ad4843358b9f;0;Франция;Citroen;SM;1985;C;Темно-синий;АИ-92;БКПП;True
ff1b2525-aa5d-4077-878b-5b0c12751712;4;Великобритания;Reliant;Scimitar Sabre;2021;F;Бледно-зеленый;АИ-92;МКПП;False
d2d580fb-f006-486c-941d-fcbb95460825;0;Франция;Delage;D6;1994;D;Бледно-Бирюзовый;АИ-92;МКПП;False
eaf2e016-dc8b-4220-92cb-4d536412feca;0;Великобритания;Jensen;Interceptor;2004;C;Темно-голубой;АИ-92;АКПП;False
96cee540-cc51-472c-aa68-a66f75ce88a7;4;Китай;Skyworth;EV6;1988;j;Светло-голубой;D;РКПП;False
69bf387b-0066-4425-b9da-afcc2aa6be12;6;Германия;Horch;853;2009;S;Красный;D;БКПП;True
f13d08aa-cbe4-466a-8478-cf5bc1bd407e;2;Китай;Xin Kai;SUV X3;2018;C;Коричневый;D;БКПП;False
b8ff6b66-c081-4bde-93f9-d8e31998e43a;4;Россия;АТОМ;01;1999;B;Античный Белый;АИ-92;АКПП;False
b88f619b-8fce-40c9-b6da-976922a91b0f;3;Япония;Suzuki;Ciaz;1984;B;Золотой;АИ-92;АКПП;False
9819472a-ba24-4fcb-8ad8-f2c56942ffc1;2;Япония;Mitsuoka;Ray;2006;S;Коралловый;D;МКПП;False
991db5fe-022a-4aa9-81b5-b3081e251bec;5;Норвегия;Think;City;2013;F;Темно-фиолетовый;АИ-95;БКПП;False
4628b04a-b503-4183-b6c0-99d2ab571a4d;1;Италия;Pagani;Huayra;2011;S;Зеленый;АИ-92;АКПП;False
279f91ab-f045-4355-98b3-a80644bcf857;2;Россия;СМЗ;С-3А;2005;A;Бледно-зеленый;АИ-95;БКПП;False
59d4a4e2-4364-4660-bcfa-0a2296def503;2;Южная Корея;KG Mobility;Rexton;2013;F;Оранжевый;АИ-95;РКПП;True
b356694d-5583-497f-b7f5-2e97c633ed3a;4;Нидерланды;Donkervoort;D8 Cosworth;2016;B;Бирюзовый;АИ-92;БКПП;True
